NEGZUW_clean,6.52732,5.75532,6.52732,1.40591,2132.81,1517.03,0,0,0.6336,0.450668,0,"Zn,V",Yes,"Zn,V",clean,Y,Y,Y,,N,,,,,,,,,,,,,,,,
HEBNOT_clean,6.16705,5.25559,6.16705,2.0588,1791.16,870.001,0,0,0.601,0.291917,0,"Zn,U",Yes,"Zn,U",clean,Y,Y,Y,,N,,,,,,,,,,,,,,,,
BIJFAD_clean,8.3585,6.26342,8.18439,0.855984,1774.61,2073.18,0,0,0.6172,0.721042,0,"Zn,Ti",Yes,"Zn,Ti",clean,Y,Y,Y,DISORDER,N,,,,,,,,,,,,,,,,
TADWOM_clean,9.57231,6.35673,9.57231,0.87901,1890.37,2150.57,0,0,0.6552,0.745384,0,"Zn,Ti",Yes,"Zn,Ti",clean,N,Y,Y,DISORDER,N,,,,,,,,,,,,,,,,
HABCIZ_clean,9.83189,7.12324,9.82847,0.920871,2079.45,2258.13,0,0,0.6902,0.749507,0,"Na,Sm,Zn",Yes,"Zn,Sm",clean,Y,Y,Y,DISORDER,N,,,,,,,,,,,,,,,,
TERFUT_clean,8.54041,6.58905,8.49644,0.900361,2024.24,2248.26,0,0,0.6654,0.739037,0,"Rh,Zn",Yes,"Zn,Rh",clean,Y,Y,Y,,N,,,,,,,,,,,,,,,,
DOFTID_clean,8.70669,6.70952,8.70669,0.91345,2575.78,2819.83,0,0,0.7676,0.84033,0,"Zn,Pt",Yes,"Zn,Pt",clean,Y,Y,Y,DISORDER,N,,,,,,,,,,,,,,,,
VIRVEY_clean,7.24501,5.7858,6.68018,1.08742,2630.21,2418.77,0,0,0.715,0.65752,0,"Zn,Pt",Yes,"Zn,Pt",clean,Y,Y,Y,,N,,,,,,,,,,,,,,,,
DOFTOJ_clean,8.39259,6.42224,8.39259,0.858615,2621.58,3053.27,0,0,0.7534,0.87746,0,"Zn,Pd",Yes,"Zn,Pd",clean,Y,Y,Y,DISORDER,N,,,,,,,,,,,,,,,,
COCMAJ_clean,8.89284,8.27815,8.8249,0.8398,2517,2997.14,0,0,0.7562,0.900452,0,"Zn,Pd",Yes,"Zn,Pd",clean,Y,Y,Y,,N,,,,,,,,,,,,,,,,
YOBYAR_clean,9.69314,7.13433,9.69314,0.65232,2302.34,3529.46,0,0,0.7484,1.14729,0,"Zn,Ni",Yes,"Zn,Ni",clean,Y,Y,Y,,N,,,,,,,,,,,,,,,,
MIVFUU_clean,15.73914,6.33753,15.73914,1.37952,1259.78,913.203,453.456,328.707,0.6874,0.498291,0,"Zn,Mn",Yes,"Zn,Mn",clean,Y,Y,Y,DISORDER,N,,,,,,,,,,,,,,,,
VELBAQ_clean,8.45052,7.3406,8.18626,0.767479,2121.67,2764.47,0,0,0.657,0.856049,0,"Zn,Mn",Yes,"Zn,Mn",clean,N,Y,Y,DISORDER,N,,,,,,,,,,,,,,,,
XANKOO_clean,10.98297,5.31916,10.97484,0.745521,2263.49,3036.11,6.87382,9.22015,0.704,0.944306,0,"Zn,Mn",Yes,"Zn,Mn",clean,N,Y,Y,,N,,,,,,,,,,,,,,,,
XILSUI_clean,8.05462,5.1792,8.05462,0.833153,2078.06,2494.21,0,0,0.6418,0.770326,0,"Zn,Mn",Yes,"Zn,Mn",clean,N,Y,Y,,N,,,,,,,,,,,,,,,,
WAJHOG_clean,6.41579,6.06601,6.40923,1.24433,1319.37,1060.3,0,0,0.541,0.434771,0,"Zn,Li",Yes,"Zn,Li",clean,Y,Y,Y,,N,,,,,,,,,,,,,,,,
HUZSUR_clean,9.15011,7.4108,9.12328,0.889985,1539.75,1730.09,0,0,0.5804,0.652146,0,"Zn,K",Yes,"Zn,K",clean,Y,Y,Y,,N,,,,,,,,,,,,,,,,
LETREJ_clean,35.31492,34.29677,35.31423,0.67811,1025.72,1512.62,0,0,0.85,1.25348,0,"Zn,Ga",Yes,"Zn,Ga",clean,Y,Y,Y,DISORDER,N,,,,,,,,,,,,,,,,
IFAHEC_clean,8.64157,7.39543,8.63925,1.95986,1143.21,583.31,50.6979,25.8681,0.5464,0.278795,0,"Zn,Ga",Yes,"Zn,Ga",clean,Y,Y,Y,,N,,,,,,,,,,,,,,,,
LACYUM_clean,8.19722,5.57863,8.19722,1.03476,2021.86,1953.94,156.073,150.83,0.648,0.626232,0,"Zn,Fe",Yes,"Zn,Fe",clean,Y,Y,Y,DISORDER,N,,,,,,,,,,,,,,,,
HABDAS_clean,9.98388,7.09034,9.97982,0.917953,2085.87,2272.31,0,0,0.69,0.751673,0,"Na,Eu,Zn",Yes,"Zn,Eu",clean,Y,Y,Y,DISORDER,N,,,,,,,,,,,,,,,,
SETSUH_clean,12.36294,8.82747,12.35258,0.624621,2037.67,3262.24,0,0,0.779,1.24716,0,"Zn,Cr",Yes,"Zn,Cr",clean,N,Y,Y,DISORDER,N,,,,,,,,,,,,,,,,
SETTAO_clean,13.88196,10.03543,13.88196,0.534109,2056.79,3850.88,0,0,0.786,1.47161,0,"Zn,Cr",Yes,"Zn,Cr",clean,Y,Y,Y,DISORDER,N,,,,,,,,,,,,,,,,
ja406030p_si_003_clean,14.29207,10.12824,14.29207,0.648977,1825.21,2812.44,0,0,0.775,1.19419,0,"Zn,Cr",Yes,"Zn,Cr",clean,Y,N,Y,,Y,YILBEC,Y,31/10/2013,10.1021/ja406030p,"1 SI, 1 Structure",YILBEC,,,,,,,,,,
ja406030p_si_007_manual,11.02963,8.4918,11.02963,0.735801,2134.61,2901.07,0,0,0.738,1.00299,0,"Zn,Cr",Yes,"Zn,Cr",manual,Y,N,Y,,Y,YILCAZ,Y,31/10/2013,10.1021/ja406030p,"1 SI, 1 Structure",YILCAZ,,,,,,,,,,
XODPUD_clean,15.85383,13.08935,15.85383,0.622253,2051.21,3296.43,0,0,0.7882,1.26669,0,"Zn,Cr",Yes,"Zn,Cr",clean,N,Y,Y,,N,,,,,,,,,,,,,,,,
EWUKAK_clean,8.06678,6.82094,8.05126,1.11278,1981.43,1780.62,0,0,0.6252,0.561838,0,"Zn,Co",Yes,"Zn,Co",clean,Y,Y,Y,,N,,,,,,,,,,,,,,,,
HIGRIA_clean,11.33189,6.86002,11.33189,0.649596,2356.83,3628.15,0,0,0.774,1.19151,0,"Zn,Co",Yes,"Zn,Co",clean,Y,Y,Y,,N,,,,,,,,,,,,,,,,
LUBNAZ_clean,8.26904,7.02568,8.25431,1.05459,2068.88,1961.78,0,0,0.642,0.608768,0,"Zn,Co",Yes,"Zn,Co",clean,Y,Y,Y,,N,,,,,,,,,,,,,,,,
MAHCOQ_clean,18.83938,7.96401,18.83938,0.527426,2147.45,4071.57,0,0,0.8002,1.51718,0,"Zn,Co",Yes,"Zn,Co",clean,Y,Y,Y,,N,,,,,,,,,,,,,,,,
UMIGAA_clean,8.23557,7.15317,8.23557,1.10058,2014.92,1830.78,0,0,0.622,0.565157,0,"Zn,Co",Yes,"Zn,Co",clean,N,Y,Y,,N,,,,,,,,,,,,,,,,
UNECOH_clean,8.18788,6.9765,8.18788,1.09192,2032.27,1861.19,0,0,0.6216,0.569271,0,"Zn,Co",Yes,"Zn,Co",clean,N,Y,Y,,N,,,,,,,,,,,,,,,,
YOBYEV_clean,9.64125,7.09583,9.64125,0.653616,2314.51,3541.09,0,0,0.7532,1.15236,0,"Zn,Co",Yes,"Zn,Co",clean,N,Y,Y,,N,,,,,,,,,,,,,,,,
ACOCUS_clean,24.38417,13.22222,24.38417,0.346494,1518.48,4382.42,0,0,0.8644,2.49471,0,Zn,Yes,Zn,clean,Y,Y,Y,DISORDER,N,,,,,,,,,,,,,,,,
acs.inorgchem.6b00136_ic6b00136_si_002_clean,7.2744,7.0365,7.27294,1.17665,1340.62,1139.36,0,0,0.582,0.494624,0,Zn,Yes,Zn,clean,Y,N,Y,DISORDER,Y,EKEXUP,Y,06/12/2015,10.1021/acs.inorgchem.6b00136,"1 SI, 4 Structure",EKEXUP,EKEXUP,EKEYAW,EKEKIQ,EKEKOW,,,,,,
acs.inorgchem.6b00276_ic6b00276_si_006_clean,14.12459,8.71298,14.12459,0.76132,1982.07,2603.46,21.492,28.2299,0.7202,0.945989,0,"Zn,Co",Yes,Zn,clean,Y,N,Y,DISORDER,N,,Y,02/02/2016,10.1021/acs.inorgchem.6b00276,"1 SI, 1 Structure",BENNEQ,,,,,,,,,,
AMIZIG_clean,6.42874,5.80877,6.41409,1.40393,699.498,498.243,0,0,0.4248,0.302579,0,"Na,Zn",Yes,Zn,clean,Y,Y,Y,DISORDER,N,,,,,,,,,,,,,,,,
AWEJES_clean,9.0974,7.20812,9.09543,1.24068,1280.7,1032.26,0,0,0.562,0.452979,0,Zn,Yes,Zn,clean,Y,Y,Y,DISORDER,N,,,,,,,,,,,,,,,,
BEWCUD_clean,11.43013,9.61646,11.40927,0.476468,2123.61,4456.97,0,0,0.8196,1.72016,0,Zn,Yes,Zn,clean,Y,Y,Y,DISORDER,N,,,,,,,,,,,,,,,,
BICDAU_clean,11.50132,6.68644,11.17198,0.65299,2386.53,3654.78,0,0,0.7824,1.19818,0,Zn,Yes,Zn,clean,Y,Y,Y,DISORDER,N,,,,,,,,,,,,,,,,
BINMIW_clean,11.24986,10.49756,11.228,1.06367,1248.28,1173.56,0,0,0.5962,0.560513,0,Zn,Yes,Zn,clean,Y,Y,Y,DISORDER,N,,,,,,,,,,,,,,,,
BUKMUQ_clean,5.78794,5.06217,5.71305,0.851411,2895.4,3400.71,0,0,0.7096,0.83344,0,Zn,Yes,Zn,clean,Y,Y,Y,DISORDER,N,,,,,,,,,,,,,,,,
CAVMIX_clean,8.93942,5.67971,8.86574,0.942961,1589.69,1685.85,0,0,0.62,0.657503,0,Zn,Yes,Zn,clean,Y,Y,Y,DISORDER,N,,,,,,,,,,,,,,,,
CEKNIQ_clean,19.34511,12.33787,19.24026,0.450433,1674.23,3716.94,0,0,0.8472,1.88086,0,Zn,Yes,Zn,clean,Y,Y,Y,DISORDER,N,,,,,,,,,,,,,,,,
cg3002866_si_001_clean,14.19695,6.32486,14.19695,0.780735,2310.25,2959.08,0,0,0.7264,0.930405,0,Zn,Yes,Zn,clean,Y,N,Y,DISORDER,Y,KAZXEQ,Y,12/07/2012,10.1021/cg3002866,"1 SI, 1 Structure",KAZXEQ,,,,,,,,,,
COYMIN_clean,6.1615,5.37287,6.1613,1.31342,1499.73,1141.85,0,0,0.5474,0.416775,0,Zn,Yes,Zn,clean,Y,Y,Y,DISORDER,N,,,,,,,,,,,,,,,,
CUSXOE_clean,17.97302,15.80148,17.15199,0.243844,1288.51,5284.15,0,0,0.909,3.72779,0,Zn,Yes,Zn,clean,Y,Y,Y,DISORDER,N,,,,,,,,,,,,,,,,
DUDKIY_clean,7.07907,5.66309,7.05735,0.974059,1868.46,1918.22,0,0,0.6506,0.667927,0,Zn,Yes,Zn,clean,Y,Y,Y,DISORDER,N,,,,,,,,,,,,,,,,
DUNYOC_clean,9.99521,7.8188,9.31419,0.670932,2064.07,3076.42,0,0,0.7104,1.05883,0,Zn,Yes,Zn,clean,Y,Y,Y,DISORDER,N,,,,,,,,,,,,,,,,
EBEWUG_clean,11.94849,11.06743,11.94849,1.25945,1548.57,1229.56,0,0,0.7082,0.562309,0,Zn,Yes,Zn,clean,Y,Y,Y,DISORDER,N,,,,,,,,,,,,,,,,
EDUVEE_clean,12.39923,7.07299,12.39923,0.815139,2115.12,2594.8,0,0,0.691,0.847708,0,Zn,Yes,Zn,clean,Y,Y,Y,DISORDER,N,,,,,,,,,,,,,,,,
EGEJUW_clean,9.46971,6.7544,9.46722,1.01741,1558.89,1532.22,0,0,0.6188,0.608213,0,Zn,Yes,Zn,clean,Y,Y,Y,DISORDER,N,,,,,,,,,,,,,,,,
EKEKOW_clean,7.39946,6.7038,7.38889,1.19584,1297.81,1085.27,0,0,0.5626,0.470465,0,Zn,Yes,Zn,clean,Y,Y,Y,DISORDER,N,,,,,,,,,,,,,,,,
ETIXOW_clean,5.96193,5.13468,5.95693,1.58012,1192.64,754.781,0,0,0.4984,0.31542,0,Zn,Yes,Zn,clean,Y,Y,Y,DISORDER,N,,,,,,,,,,,,,,,,
EVOTIT_SL,8.2912,6.01432,8.2912,1.23039,1203.44,978.095,0,0,0.5204,0.422954,0,Zn,Yes,Zn,SL,Y,Y,Y,DISORDER,N,,,,,,,,,,,,,,,,
FAVDAK_clean,6.67812,5.88583,6.64405,2.22356,1150.29,517.317,190.493,85.6703,0.5552,0.249689,0,Zn,Yes,Zn,clean,Y,Y,Y,DISORDER,N,,,,,,,,,,,,,,,,
FAVDEO_clean,8.86805,5.77505,6.60713,2.38182,1421.2,596.685,0,0,0.566,0.237633,0,Zn,Yes,Zn,clean,Y,Y,Y,DISORDER,N,,,,,,,,,,,,,,,,
FIJCUX_clean,7.05898,5.83044,7.05683,1.26326,1564.96,1238.83,0,0,0.5956,0.47148,0,Zn,Yes,Zn,clean,Y,Y,Y,DISORDER,N,,,,,,,,,,,,,,,,
FIWKUT_clean,10.75705,6.21115,10.75089,1.13958,2252,1976.17,0,0,0.6778,0.594779,0,Zn,Yes,Zn,clean,Y,Y,Y,DISORDER,N,,,,,,,,,,,,,,,,
FORXAM_clean,18.92754,6.8057,18.91027,0.795308,2161.02,2717.21,0,0,0.7312,0.919393,0,Zn,Yes,Zn,clean,Y,Y,Y,DISORDER,N,,,,,,,,,,,,,,,,
FORXIU_clean,23.85454,9.25578,23.83414,0.538882,1947.73,3614.4,0,0,0.8106,1.50423,0,Zn,Yes,Zn,clean,Y,Y,Y,DISORDER,N,,,,,,,,,,,,,,,,
FUVDEH05_clean,7.30465,6.40041,7.2683,1.88786,438.985,232.53,0,0,0.3024,0.160181,0,Zn,Yes,Zn,clean,Y,Y,Y,DISORDER,N,,,,,,,,,,,,,,,,
FUVGAG02_clean,6.44753,5.88333,6.44753,1.88939,387.159,204.912,0,0,0.2574,0.136235,0,Zn,Yes,Zn,clean,Y,Y,Y,DISORDER,N,,,,,,,,,,,,,,,,
FUYCUZ_clean,12.25879,7.14465,12.25879,0.924481,2184.45,2362.89,0,0,0.7496,0.810834,0,Zn,Yes,Zn,clean,Y,Y,Y,DISORDER,N,,,,,,,,,,,,,,,,
GACYER_clean,11.44273,8.46463,11.4041,0.752428,2161.9,2873.23,9.41673,12.5151,0.746,0.991457,0,Zn,Yes,Zn,clean,Y,Y,Y,DISORDER,N,,,,,,,,,,,,,,,,
HIVSAI_clean,8.01047,5.4896,7.9544,1.08262,2085.43,1926.28,0,0,0.649,0.59947,0,Zn,Yes,Zn,clean,Y,Y,Y,DISORDER,N,,,,,,,,,,,,,,,,
HIZSEQ_clean,8.45379,5.93435,8.42674,0.797325,2202.23,2762.03,0,0,0.7088,0.888973,0,Zn,Yes,Zn,clean,Y,Y,Y,DISORDER,N,,,,,,,,,,,,,,,,
HIZTUG_clean,14.58128,7.2695,14.58128,0.949199,1744.45,1837.81,0,0,0.6154,0.648336,0,Zn,Yes,Zn,clean,Y,Y,Y,DISORDER,N,,,,,,,,,,,,,,,,
HOVGEG_clean,5.72288,5.00575,5.71258,1.7362,623.828,359.307,0,0,0.4442,0.255846,0,Zn,Yes,Zn,clean,Y,Y,Y,DISORDER,N,,,,,,,,,,,,,,,,
HURFOR_clean,7.08248,5.24445,7.08248,1.04737,1938.44,1850.78,0,0,0.6226,0.594444,0,Zn,Yes,Zn,clean,Y,Y,Y,DISORDER,N,,,,,,,,,,,,,,,,
IBAPOS_clean,10.42394,6.6282,10.40124,0.688725,2224.76,3230.26,0,0,0.7214,1.04744,0,"Zn,Fe",Yes,Zn,clean,Y,Y,Y,DISORDER,N,,,,,,,,,,,,,,,,
IBAQAF_clean,10.29518,8.20784,10.21825,0.691719,2146.79,3103.55,0,0,0.7272,1.05129,0,"Zn,Mn",Yes,Zn,clean,Y,Y,Y,DISORDER,N,,,,,,,,,,,,,,,,
IBAQEJ_clean,10.47263,8.40011,10.41547,0.683981,2144.01,3134.6,0,0,0.734,1.07313,0,Zn,Yes,Zn,clean,Y,Y,Y,DISORDER,N,,,,,,,,,,,,,,,,
ic502643m_si_011_clean,13.64098,13.34789,13.63908,0.604316,2269.16,3754.93,0,0,0.793,1.31223,0,Zn,Yes,Zn,clean,Y,N,Y,DISORDER,Y,PUFRUF,Y,25/07/2014,10.1021/ic502643m,"1 SI, 1 Structure",PUFRUF,,,,,,,,,,
ic502643m_si_012_clean,13.38503,12.66061,13.38102,0.629028,2341.28,3722.06,0,0,0.78,1.24001,0,Zn,Yes,Zn,clean,Y,N,Y,DISORDER,Y,PUFSEQ,Y,25/07/2014,10.1021/ic502643m,"1 SI, 1 Structure",PUFSEQ,,,,,,,,,,
ICITIY_clean,6.58704,5.40423,6.22319,1.47585,2062.64,1397.59,0,0,0.6524,0.44205,0,Zn,Yes,Zn,clean,N,Y,Y,DISORDER,N,,,,,,,,,,,,,,,,
ICIVEW_clean,9.81405,8.96526,9.81405,1.68894,1459.56,864.19,0,0,0.6214,0.367924,0,Zn,Yes,Zn,clean,Y,Y,Y,DISORDER,N,,,,,,,,,,,,,,,,
IFEPUG01_clean,6.97552,6.67002,6.97552,1.81968,554.5,304.724,0,0,0.3222,0.177064,0,Zn,Yes,Zn,clean,Y,Y,Y,DISORDER,N,,,,,,,,,,,,,,,,
IFEPUG08_clean,6.7666,6.32311,6.7666,1.76811,569.763,322.245,0,0,0.3312,0.187319,0,Zn,Yes,Zn,clean,Y,Y,Y,DISORDER,N,,,,,,,,,,,,,,,,
IFEPUG09_clean,6.88857,6.56673,6.88857,1.78418,556.743,312.044,0,0,0.331,0.185519,0,Zn,Yes,Zn,clean,Y,Y,Y,DISORDER,N,,,,,,,,,,,,,,,,
IFEPUG10_clean,6.80475,6.55642,6.80475,1.8372,603.527,328.504,0,0,0.3222,0.175376,0,Zn,Yes,Zn,clean,Y,Y,Y,DISORDER,N,,,,,,,,,,,,,,,,
IGORUS_clean,10.22764,5.8145,10.22764,0.798105,2273.51,2848.64,0,0,0.7076,0.8866,0,Zn,Yes,Zn,clean,Y,Y,Y,DISORDER,N,,,,,,,,,,,,,,,,
ILITON_clean,10.85959,9.44525,10.85959,0.579291,2065.83,3566.14,0,0,0.7778,1.34268,0,Zn,Yes,Zn,clean,Y,Y,Y,DISORDER,N,,,,,,,,,,,,,,,,
IMUKUW_clean,12.16588,7.54473,12.16588,0.600216,2227.49,3711.14,0,0,0.759,1.26454,0,Zn,Yes,Zn,clean,Y,Y,Y,DISORDER,N,,,,,,,,,,,,,,,,
INEPEY_clean,6.95447,5.78801,6.95447,1.44957,1129.68,779.321,87.9996,60.7072,0.5158,0.355829,0,Zn,Yes,Zn,clean,Y,Y,Y,DISORDER,N,,,,,,,,,,,,,,,,
IWAHUK_clean,5.70891,5.07571,5.70891,1.53461,1669.63,1087.99,0,0,0.5824,0.379511,0,Zn,Yes,Zn,clean,Y,Y,Y,DISORDER,N,,,,,,,,,,,,,,,,
IWEVUD_clean,8.76153,5.94273,8.76153,2.07228,1706.46,823.467,0,0,0.6254,0.301793,0,Zn,Yes,Zn,clean,Y,Y,Y,DISORDER,N,,,,,,,,,,,,,,,,
IWEWAK_clean,8.91997,5.7935,8.91997,2.21714,1660.09,748.751,0,0,0.615,0.277384,0,Zn,Yes,Zn,clean,Y,Y,Y,DISORDER,N,,,,,,,,,,,,,,,,
IWEWEO_clean,8.41618,6.10368,8.41618,1.98293,1680.19,847.329,0,0,0.6294,0.317409,0,Zn,Yes,Zn,clean,Y,Y,Y,DISORDER,N,,,,,,,,,,,,,,,,
IWEWIS_clean,8.35434,5.33584,8.35252,2.50251,1589.74,635.259,0,0,0.5862,0.234245,0,Zn,Yes,Zn,clean,Y,Y,Y,DISORDER,N,,,,,,,,,,,,,,,,
IYIHUU_manual,11.83739,10.43961,11.83739,0.634446,2047.9,3227.86,0,0,0.7402,1.16669,0,Zn,Yes,Zn,manual,Y,Y,Y,DISORDER,N,,,,,,,,,,,,,,,,
ja101440z_si_001_clean,5.9006,5.23774,5.9006,1.30709,1576.97,1206.47,0,0,0.571,0.436847,0,"Ca,Zn",Yes,Zn,clean,Y,N,Y,DISORDER,Y,OSOYUR,Y,13/07/2011,10.1021/ja101440z,"1 SI, 1 Structure",OSOYUR,,,,,,,,,,
ja206029a_si_003_clean,11.40078,8.61434,11.40078,0.959915,2090.09,2177.37,0,0,0.7316,0.762151,0,Zn,Yes,Zn,clean,Y,N,Y,DISORDER,Y,SAKZEL,Y,03/01/2012,10.1021/ja206029a,"1 SI, 1 Structure",SAKZEL,,,,,,,,,,
ja403810k_si_003_clean,31.39938,26.2789,31.39936,0.252736,790.748,3128.75,0,0,0.9088,3.59585,0,Zn,Yes,Zn,clean,Y,N,Y,DISORDER,Y,TOCJEC,Y,20/02/2014,10.1021/ja403810k,"1 SI, 1 Structure",TOCJEC,,,,,,,,,,
jacs.5b11034_ja5b11034_si_002_clean,10.09486,5.31829,9.68701,0.952575,2265.34,2378.12,0,0,0.7158,0.751437,0,Zn,Yes,Zn,clean,Y,N,Y,DISORDER,Y,XAJMON,Y,29/09/2015,10.1021/jacs.5b11034,"1 SI, 1 Structure",XAJMON,,,,,,,,,,
jacs.6b06375_ja6b06375_si_001_clean,11.94073,6.91484,11.94073,1.08144,1866.76,1726.19,0,0,0.696,0.643589,0,Zn,Yes,Zn,clean,Y,N,Y,DISORDER,N,,Y,29/09/2016,10.1021/jacs.6b06375,"1 SI, 1 Structure",EWENUR,,,,,,,,,,
JAJZAY_clean,11.43481,6.24659,11.43433,0.715716,2413.07,3371.55,0,0,0.7402,1.03421,0,Zn,Yes,Zn,clean,Y,Y,Y,DISORDER,N,,,,,,,,,,,,,,,,
JOZWOM_clean,22.16597,8.69473,22.16597,0.48225,1899.59,3939.01,0,0,0.8054,1.67009,0.000414723,"Zn,Zr",Yes,Zn,clean,Y,Y,Y,DISORDER,N,,,,,,,,,,,,,,,,
jp302979a_si_002_clean,10.98282,6.54194,10.97083,0.963718,2282.53,2368.46,0,0,0.7164,0.743371,0,Zn,Yes,Zn,clean,Y,N,Y,DISORDER,Y,TUWFIC,Y,30/09/2015,10.1021/jp302979a,"1 SI, 1 Structure",TUWFIC,,,,,,,,,,
KACGAZ_clean,9.02802,5.849,9.02802,1.98651,1697.99,854.763,0,0,0.6242,0.31422,0,Zn,Yes,Zn,clean,Y,Y,Y,DISORDER,N,,,,,,,,,,,,,,,,
KULMAG_clean,10.24525,8.92291,10.23663,0.907947,1704.68,1877.51,60.6525,66.8018,0.6662,0.733743,0,Zn,Yes,Zn,clean,Y,Y,Y,DISORDER,N,,,,,,,,,,,,,,,,
KULMIO_clean,10.57198,7.14585,10.53592,0.841409,2400.42,2852.86,0,0,0.7074,0.840732,0,Zn,Yes,Zn,clean,Y,Y,Y,DISORDER,N,,,,,,,,,,,,,,,,
KUNLAH_clean,8.03251,7.13219,8.01517,1.36208,1523.74,1118.69,0,0,0.5688,0.417596,0,Zn,Yes,Zn,clean,Y,Y,Y,DISORDER,N,,,,,,,,,,,,,,,,
LABMOT_clean,9.27177,5.60554,9.27177,1.89573,1610.12,849.338,0,0,0.6208,0.327473,0,Zn,Yes,Zn,clean,Y,Y,Y,DISORDER,N,,,,,,,,,,,,,,,,
LABNEK_clean,8.49814,5.18163,8.49814,2.2975,1653.13,719.534,0,0,0.6028,0.262372,0,Zn,Yes,Zn,clean,Y,Y,Y,DISORDER,N,,,,,,,,,,,,,,,,
LABPEM_clean,6.18341,5.05232,6.14574,2.50734,600.583,239.53,0,0,0.4104,0.163679,0,Zn,Yes,Zn,clean,N,Y,Y,DISORDER,N,,,,,,,,,,,,,,,,
LABQAJ_clean,8.83584,6.63857,8.83584,2.01738,1709.46,847.365,0,0,0.6386,0.316549,0,Zn,Yes,Zn,clean,Y,Y,Y,DISORDER,N,,,,,,,,,,,,,,,,
LABQEN_clean,8.21095,6.13308,8.21095,2.19099,1641.41,749.165,0,0,0.6118,0.279235,0,Zn,Yes,Zn,clean,Y,Y,Y,DISORDER,N,,,,,,,,,,,,,,,,
LACZAT_clean,8.2988,5.7298,8.2988,0.945764,1995.72,2110.17,179.673,189.977,0.662,0.699963,0,"Zn,Mn",Yes,Zn,clean,Y,Y,Y,DISORDER,N,,,,,,,,,,,,,,,,
LACZIB_clean,9.35168,6.74694,9.35021,0.752382,2169.18,2883.09,0,0,0.6922,0.920012,0,"Na,Zn",Yes,Zn,clean,Y,Y,Y,DISORDER,N,,,,,,,,,,,,,,,,
LEQBUG_clean,14.22812,6.68064,13.72074,0.73218,2183.07,2981.61,0,0,0.7302,0.997295,0,Zn,Yes,Zn,clean,Y,Y,Y,DISORDER,N,,,,,,,,,,,,,,,,
LEVPEJ_clean,8.86886,5.44927,8.86886,1.99058,685.918,344.582,0,0,0.3992,0.200544,0,Zn,Yes,Zn,clean,Y,Y,Y,DISORDER,N,,,,,,,,,,,,,,,,
LUDTUZ_clean,9.25303,6.21337,9.25303,1.86951,1728.91,924.79,0,0,0.6404,0.342549,0,Zn,Yes,Zn,clean,Y,Y,Y,DISORDER,N,,,,,,,,,,,,,,,,
MAJKAM_clean,6.55321,5.18508,6.53172,1.09153,1978.37,1812.47,0,0,0.6024,0.551884,0,Zn,Yes,Zn,clean,N,Y,Y,DISORDER,N,,,,,,,,,,,,,,,,
MIMSIM_clean,10.75813,9.26028,10.75813,1.01792,1232.26,1210.56,0,0,0.595,0.584524,0,Zn,Yes,Zn,clean,Y,Y,Y,DISORDER,N,,,,,,,,,,,,,,,,
MOYTUR_clean,9.16292,7.2723,9.16292,1.43509,1044,727.482,0,0,0.5076,0.353707,0,Zn,Yes,Zn,clean,Y,Y,Y,DISORDER,N,,,,,,,,,,,,,,,,
NENHEU_clean,9.96925,9.18698,9.96925,1.10683,1750.22,1581.3,0,0,0.6956,0.628464,0,Zn,Yes,Zn,clean,Y,Y,Y,DISORDER,N,,,,,,,,,,,,,,,,
NIXKIQ_clean,10.7322,9.85354,10.72549,0.912018,1850.3,2028.8,0,0,0.6804,0.746038,0,Zn,Yes,Zn,clean,Y,Y,Y,DISORDER,N,,,,,,,,,,,,,,,,
NUDLAB_clean,6.59183,6.26977,6.57302,1.22444,1079.67,881.768,0,0,0.531,0.433667,0,"Zn,Fe",Yes,Zn,clean,Y,Y,Y,DISORDER,N,,,,,,,,,,,,,,,,
NUMPAO_clean,7.21762,6.75917,7.21266,0.764555,2351.84,3076.09,0,0,0.7014,0.917396,0,Zn,Yes,Zn,clean,Y,Y,Y,DISORDER,N,,,,,,,,,,,,,,,,
NUVWIL_clean,8.81743,7.63214,8.81743,1.35967,1158.46,852.011,0,0,0.5786,0.425543,0,"Zn,La",Yes,Zn,clean,Y,Y,Y,DISORDER,N,,,,,,,,,,,,,,,,
OCILIY_clean,8.53165,6.26258,8.17508,1.12456,1134.41,1008.76,0,0,0.5168,0.459558,0,Zn,Yes,Zn,clean,Y,Y,Y,DISORDER,N,,,,,,,,,,,,,,,,
OHAQAR_clean,11.81735,7.47362,11.8167,0.883951,1847.52,2090.07,63.5005,71.8371,0.6804,0.769726,0.000226257,Zn,Yes,Zn,clean,Y,Y,Y,DISORDER,N,,,,,,,,,,,,,,,,
OJUPEQ_clean,7.65722,5.34894,7.64941,1.35901,1262.34,928.863,1.71614,1.26278,0.5006,0.368355,0.00500363,Zn,Yes,Zn,clean,Y,Y,Y,DISORDER,N,,,,,,,,,,,,,,,,
OJUPIU_clean,6.2156,5.19186,6.21256,1.67906,1241.17,739.206,118.284,70.4467,0.512,0.304933,0.00452634,Zn,Yes,Zn,clean,Y,Y,Y,DISORDER,N,,,,,,,,,,,,,,,,
OKUJOV_clean,13.61037,8.84072,13.61037,0.77552,1954.7,2520.5,15.7426,20.2995,0.7284,0.939241,0,Zn,Yes,Zn,clean,Y,Y,Y,DISORDER,N,,,,,,,,,,,,,,,,
OKUJUB_clean,12.36826,9.63043,12.13477,0.706548,1840,2604.21,0,0,0.7328,1.03716,0,Zn,Yes,Zn,clean,Y,Y,Y,DISORDER,N,,,,,,,,,,,,,,,,
OKUKEM_clean,14.01253,8.4589,14.01253,0.722439,1971.91,2729.52,24.4649,33.8644,0.7252,1.00382,0,"Zn,Co",Yes,Zn,clean,Y,Y,Y,DISORDER,N,,,,,,,,,,,,,,,,
OMOWEU_clean,10.66245,8.66014,10.66245,1.38144,1787.82,1294.17,0,0,0.697,0.504545,0,Zn,Yes,Zn,clean,Y,Y,Y,DISORDER,N,,,,,,,,,,,,,,,,
ONEYIQ_clean,21.6608,8.8003,21.6608,0.662891,1404.88,2119.33,139.38,210.261,0.7188,1.08434,0,Zn,Yes,Zn,clean,Y,Y,Y,DISORDER,N,,,,,,,,,,,,,,,,
OTOZEE_clean,6.95821,6.02786,6.95821,0.99929,2053.52,2054.98,0,0,0.628,0.628446,0,Zn,Yes,Zn,clean,Y,Y,Y,DISORDER,N,,,,,,,,,,,,,,,,
OVUVIL_clean,7.08548,5.40816,7.07157,1.2293,1842.78,1499.05,0,0,0.602,0.48971,0,Zn,Yes,Zn,clean,Y,Y,Y,DISORDER,N,,,,,,,,,,,,,,,,
OYOVOP_clean,6.07579,5.04225,6.06489,1.15877,1135.77,980.15,0,0,0.503,0.43408,0,Zn,Yes,Zn,clean,Y,Y,Y,DISORDER,N,,,,,,,,,,,,,,,,
PIBPAS_clean,10.02705,9.63343,10.02705,0.905218,1687.34,1864.01,0,0,0.6458,0.71342,0,Zn,Yes,Zn,clean,Y,Y,Y,DISORDER,N,,,,,,,,,,,,,,,,
PUWCIT_clean,9.4503,8.03208,9.44131,0.783125,2001.73,2556.08,0,0,0.6954,0.88798,0,Zn,Yes,Zn,clean,Y,Y,Y,DISORDER,N,,,,,,,,,,,,,,,,
QARLUT_clean,9.16779,5.97884,9.11657,1.43869,1699.45,1181.25,0,0,0.6184,0.429835,0,Zn,Yes,Zn,clean,Y,Y,Y,DISORDER,N,,,,,,,,,,,,,,,,
QARMAA_clean,9.15444,5.92309,9.15444,1.72576,1678.31,972.505,0,0,0.6136,0.355553,0,Zn,Yes,Zn,clean,Y,Y,Y,DISORDER,N,,,,,,,,,,,,,,,,
QILBUK_clean,12.94588,7.66866,12.94473,0.72242,1683.33,2330.13,0,0,0.6926,0.958722,0,Zn,Yes,Zn,clean,Y,Y,Y,DISORDER,N,,,,,,,,,,,,,,,,
RUGXIC_clean,7.96505,6.50737,7.96505,1.04427,2057.36,1970.14,0,0,0.6846,0.655575,0,Zn,Yes,Zn,clean,Y,Y,Y,DISORDER,N,,,,,,,,,,,,,,,,
RUGXUO_clean,7.5603,5.17762,7.55823,1.1142,1759.63,1579.27,0,0,0.6178,0.554477,0,Zn,Yes,Zn,clean,Y,Y,Y,DISORDER,N,,,,,,,,,,,,,,,,
RUJMAM_clean,14.41352,7.10906,14.41352,0.596535,2179.49,3653.58,0,0,0.771,1.29246,0,Zn,Yes,Zn,clean,Y,Y,Y,DISORDER,N,,,,,,,,,,,,,,,,
RULMUI_clean,10.9139,7.22994,10.52372,0.830637,1922.02,2313.91,0,0,0.6682,0.804443,0,Zn,Yes,Zn,clean,Y,Y,Y,DISORDER,N,,,,,,,,,,,,,,,,
RUYGEZ_clean,5.63833,5.27037,5.63833,3.94416,1194.26,302.791,0,0,0.466,0.118149,0,Zn,Yes,Zn,clean,Y,Y,Y,DISORDER,N,,,,,,,,,,,,,,,,
SENWAL_clean,8.65122,7.37341,8.63714,0.731865,2340.33,3197.76,0,0,0.7808,1.06686,0,Zn,Yes,Zn,clean,Y,Y,Y,DISORDER,N,,,,,,,,,,,,,,,,
SENWIT_clean,8.52908,6.49629,8.43809,0.783284,2511.4,3206.24,0,0,0.7642,0.975636,0,Zn,Yes,Zn,clean,N,Y,Y,DISORDER,N,,,,,,,,,,,,,,,,
SENWOZ_clean,8.93321,7.13554,8.85614,0.743064,2382.53,3206.36,0,0,0.7776,1.04648,0,Zn,Yes,Zn,clean,N,Y,Y,DISORDER,N,,,,,,,,,,,,,,,,
SOPLIU_clean,8.00418,6.00384,7.95536,0.793634,2093.66,2638.07,0,0,0.6836,0.861354,0,Zn,Yes,Zn,clean,N,Y,Y,DISORDER,N,,,,,,,,,,,,,,,,
SUGSEU_clean,11.89133,7.65592,10.99435,0.834492,2026.09,2427.93,0,0,0.7306,0.875503,0,Zn,Yes,Zn,clean,N,Y,Y,DISORDER,N,,,,,,,,,,,,,,,,
TEQLIM_clean,10.57747,9.21067,10.57747,0.779734,1974.44,2532.19,79.8475,102.404,0.7166,0.919031,0,Zn,Yes,Zn,clean,N,Y,Y,DISORDER,N,,,,,,,,,,,,,,,,
UCAJUF_clean,14.57882,8.27004,14.57002,0.828014,1665.84,2011.86,0,0,0.6674,0.806025,0,Zn,Yes,Zn,clean,N,Y,Y,DISORDER,N,,,,,,,,,,,,,,,,
UDALUI_clean,24.10186,23.57192,24.10186,0.42243,1723.58,4080.15,0,0,0.8502,2.01264,0,Zn,Yes,Zn,clean,N,Y,Y,DISORDER,N,,,,,,,,,,,,,,,,
UDANIY_clean,23.87987,23.45836,23.87987,0.417441,1745.24,4180.81,0,0,0.8514,2.03957,0,Zn,Yes,Zn,clean,N,Y,Y,DISORDER,N,,,,,,,,,,,,,,,,
UDAWUU_clean,8.53116,5.01319,8.49212,1.36238,1877.05,1377.77,0,0,0.6418,0.471089,0,Zn,Yes,Zn,clean,N,Y,Y,DISORDER,N,,,,,,,,,,,,,,,,
ULOJUC01_clean,8.43303,5.90044,8.43303,1.86665,1700.1,910.775,0,0,0.62,0.332146,0,Zn,Yes,Zn,clean,N,Y,Y,DISORDER,N,,,,,,,,,,,,,,,,
ULOKUD01_clean,8.86248,5.68435,8.86248,1.87819,1722.41,917.059,0,0,0.631,0.335961,0,Zn,Yes,Zn,clean,N,Y,Y,DISORDER,N,,,,,,,,,,,,,,,,
ULOLAK_clean,8.32335,5.93961,8.32335,1.44582,1721.43,1190.63,0,0,0.6254,0.432557,0,Zn,Yes,Zn,clean,N,Y,Y,DISORDER,N,,,,,,,,,,,,,,,,
UZUTUG_clean,8.7772,5.97521,8.7772,2.03648,1722.58,845.862,0,0,0.6272,0.307983,0,Zn,Yes,Zn,clean,N,Y,Y,DISORDER,N,,,,,,,,,,,,,,,,
VABKER_clean,25.48776,13.70158,25.4679,0.386827,1629.94,4213.63,0,0,0.8474,2.19064,0,Zn,Yes,Zn,clean,N,Y,Y,DISORDER,N,,,,,,,,,,,,,,,,
VAKPOP_clean,8.58438,6.5725,8.58438,1.56452,1729.18,1105.24,0,0,0.644,0.411627,0,Zn,Yes,Zn,clean,N,Y,Y,DISORDER,N,,,,,,,,,,,,,,,,
VEHJID_clean,7.11762,5.60328,7.11536,1.12292,1992.96,1774.8,0,0,0.6602,0.587929,0,Zn,Yes,Zn,clean,N,Y,Y,DISORDER,N,,,,,,,,,,,,,,,,
VIWQUP_clean,8.69583,7.55321,8.68271,1.40125,1379.91,984.771,0,0,0.582,0.415343,0,"Zn,Ir",Yes,Zn,clean,N,Y,Y,DISORDER,N,,,,,,,,,,,,,,,,
VOLRAQ01_clean,16.89388,11.18221,11.76527,0.561351,1860.71,3314.7,0,0,0.8394,1.49532,0,Zn,Yes,Zn,clean,N,Y,Y,DISORDER,N,,,,,,,,,,,,,,,,
VOSWIL_clean,8.9893,8.47778,8.9893,1.37751,1084.84,787.534,0,0,0.5664,0.411177,0,Zn,Yes,Zn,clean,N,Y,Y,DISORDER,N,,,,,,,,,,,,,,,,
VOZVEN01_clean,8.60338,5.56407,8.60338,1.89729,1645.79,867.444,0,0,0.6124,0.322776,0,Zn,Yes,Zn,clean,N,Y,Y,DISORDER,N,,,,,,,,,,,,,,,,
VUHMOC_clean,8.86845,5.72272,8.82422,2.14431,1625.98,758.274,0,0,0.6078,0.283447,0,Zn,Yes,Zn,clean,N,Y,Y,DISORDER,N,,,,,,,,,,,,,,,,
VUHMUI_clean,8.87676,5.75079,8.87676,1.84427,1683,912.558,0,0,0.6152,0.333574,0,Zn,Yes,Zn,clean,N,Y,Y,DISORDER,N,,,,,,,,,,,,,,,,
VUHNAP_clean,8.71036,5.62501,8.71036,1.76558,1678.94,950.928,0,0,0.6156,0.348667,0,Zn,Yes,Zn,clean,N,Y,Y,DISORDER,N,,,,,,,,,,,,,,,,
VUHNIX_clean,8.81529,5.64931,8.81529,1.82588,1710.58,936.85,0,0,0.6332,0.346791,0,Zn,Yes,Zn,clean,N,Y,Y,DISORDER,N,,,,,,,,,,,,,,,,
VUHNUJ_clean,8.53907,5.66104,8.53907,1.93709,1673.65,863.999,0,0,0.6264,0.323371,0,Zn,Yes,Zn,clean,N,Y,Y,DISORDER,N,,,,,,,,,,,,,,,,
VUHPAR_clean,8.76081,5.85765,8.76081,2.08964,1711.86,819.211,0,0,0.6134,0.293543,0,Zn,Yes,Zn,clean,N,Y,Y,DISORDER,N,,,,,,,,,,,,,,,,
VUHPOF_clean,8.70109,5.79132,8.70109,2.14093,1695.48,791.937,0,0,0.6248,0.291836,0,Zn,Yes,Zn,clean,N,Y,Y,DISORDER,N,,,,,,,,,,,,,,,,
VUHPUL_clean,8.94728,5.6499,8.90286,2.41515,1584.72,656.158,0,0,0.5904,0.244456,0,Zn,Yes,Zn,clean,N,Y,Y,DISORDER,N,,,,,,,,,,,,,,,,
VUKYOR_clean,9.86874,5.55667,9.86874,1.6882,1708.97,1012.3,0,0,0.6318,0.374245,0,Zn,Yes,Zn,clean,N,Y,Y,DISORDER,N,,,,,,,,,,,,,,,,
VUKYUX_clean,9.90621,6.20444,9.90621,1.16134,1765.64,1520.35,0,0,0.648,0.557977,0,Zn,Yes,Zn,clean,N,Y,Y,DISORDER,N,,,,,,,,,,,,,,,,
VURNED04_clean,8.54647,7.42523,8.453,0.946025,2088.66,2207.83,0,0,0.6716,0.709918,0,Zn,Yes,Zn,clean,N,Y,Y,DISORDER,N,,,,,,,,,,,,,,,,
WAFKIY_clean,7.94426,7.06157,7.92163,0.97672,2030.81,2079.21,0,0,0.6618,0.677574,0,Zn,Yes,Zn,clean,N,Y,Y,DISORDER,N,,,,,,,,,,,,,,,,
WARFAY04_clean,7.8465,5.35942,7.8465,1.08487,2078.82,1916.18,0,0,0.6412,0.591037,0,Zn,Yes,Zn,clean,N,Y,Y,DISORDER,N,,,,,,,,,,,,,,,,
WARFAY05_clean,7.95711,5.4342,7.9468,1.06291,2099.4,1975.14,0,0,0.6506,0.612092,0,Zn,Yes,Zn,clean,N,Y,Y,DISORDER,N,,,,,,,,,,,,,,,,
WARFAY06_clean,8.02332,5.50953,8.02332,1.05728,2113.47,1998.98,0,0,0.6526,0.617247,0,Zn,Yes,Zn,clean,N,Y,Y,DISORDER,N,,,,,,,,,,,,,,,,
WEBKEV_clean,7.20719,5.75568,7.20441,0.992079,2555.25,2575.65,0,0,0.7294,0.735224,0,"In,Zn",Yes,Zn,clean,N,Y,Y,DISORDER,N,,,,,,,,,,,,,,,,
WIJXAQ_clean,8.39848,7.83038,8.39848,0.955769,1905.89,1994.09,0,0,0.657,0.687405,0,Zn,Yes,Zn,clean,N,Y,Y,DISORDER,N,,,,,,,,,,,,,,,,
WIKGII_clean,9.6009,5.08261,9.6009,1.17729,1491.03,1266.49,0.448003,0.380537,0.5982,0.508115,0,Zn,Yes,Zn,clean,N,Y,Y,DISORDER,N,,,,,,,,,,,,,,,,
WUDZIG_clean,8.72668,5.79378,8.72668,2.05451,1701.57,828.212,0,0,0.6134,0.298563,0,Zn,Yes,Zn,clean,N,Y,Y,DISORDER,N,,,,,,,,,,,,,,,,
WUDZOM_clean,9.28496,5.45388,9.18547,2.06825,1601.94,774.537,0,0,0.6036,0.291841,0,Zn,Yes,Zn,clean,N,Y,Y,DISORDER,N,,,,,,,,,,,,,,,,
WUDZUS_clean,8.82043,6.46315,8.82043,1.9904,1690.96,849.562,0,0,0.6268,0.314912,0,Zn,Yes,Zn,clean,N,Y,Y,DISORDER,N,,,,,,,,,,,,,,,,
WUGPUL_clean,11.44375,6.32835,11.44375,0.724468,2369.18,3270.23,0,0,0.743,1.02558,0,Zn,Yes,Zn,clean,N,Y,Y,DISORDER,N,,,,,,,,,,,,,,,,
XINFUW_clean,6.65291,5.08872,6.45934,0.841018,2754.84,3275.6,0,0,0.7064,0.839934,0,Zn,Yes,Zn,clean,Y,Y,Y,DISORDER,N,,,,,,,,,,,,,,,,
XITYEF_clean,17.05058,6.77134,17.05058,0.810024,1935.33,2389.23,0,0,0.7142,0.881702,0,Zn,Yes,Zn,clean,N,Y,Y,DISORDER,N,,,,,,,,,,,,,,,,
XOMHEO_clean,6.80967,5.57312,6.80967,1.28307,2168.4,1690.01,0,0,0.6202,0.483373,0,Zn,Yes,Zn,clean,N,Y,Y,DISORDER,N,,,,,,,,,,,,,,,,
YAHWAI_clean,8.53821,5.48688,8.53821,1.65002,1657.02,1004.24,0,0,0.6194,0.375389,0,Zn,Yes,Zn,clean,N,Y,Y,DISORDER,N,,,,,,,,,,,,,,,,
YAMYUJ_clean,11.40914,7.79047,11.40914,0.884889,1812.52,2048.3,0,0,0.6938,0.784053,0,Zn,Yes,Zn,clean,N,Y,Y,DISORDER,N,,,,,,,,,,,,,,,,
YASVUM_clean,7.50043,5.49919,7.38492,0.881793,2738.41,3105.5,0,0,0.7254,0.822642,0,Zn,Yes,Zn,clean,N,Y,Y,DISORDER,N,,,,,,,,,,,,,,,,
YOGKEM_clean,9.34542,5.57292,9.34542,0.967443,2138.01,2209.96,0,0,0.6476,0.669394,0,Zn,Yes,Zn,clean,N,Y,Y,DISORDER,N,,,,,,,,,,,,,,,,
YOZCEW_clean,14.22468,12.71779,14.22468,1.07415,1394.66,1298.38,0,0,0.625,0.581853,0,Zn,Yes,Zn,clean,N,Y,Y,DISORDER,N,,,,,,,,,,,,,,,,
YUDDEH_clean,9.23238,6.19771,8.9716,0.865828,1917.28,2214.39,0,0,0.6654,0.768513,0,Zn,Yes,Zn,clean,N,Y,Y,DISORDER,N,,,,,,,,,,,,,,,,
ZACHET_clean,18.23633,8.4528,17.32252,0.540764,2067.08,3822.52,0,0,0.8084,1.49492,0,Zn,Yes,Zn,clean,N,Y,Y,DISORDER,N,,,,,,,,,,,,,,,,
ZOQSUV_clean,8.97796,7.21692,8.97057,1.99998,1715.15,857.582,0,0,0.633,0.316503,0,Zn,Yes,Zn,clean,N,Y,Y,DISORDER,N,,,,,,,,,,,,,,,,
ZOQTAC_clean,8.58967,6.28898,8.58967,2.14551,1675.17,780.777,0,0,0.6196,0.288789,0,Zn,Yes,Zn,clean,N,Y,Y,DISORDER,N,,,,,,,,,,,,,,,,
ACIBOE_clean,8.25776,7.03071,8.25776,1.10094,2063.01,1873.86,0,0,0.6554,0.595309,0,Zn,Yes,Zn,clean,Y,Y,Y,,N,,,,,,,,,,,,,,,,
ADASOP_clean,18.07263,6.71346,18.07263,0.63164,2223.07,3519.51,0,0,0.7846,1.24216,0,Zn,Yes,Zn,clean,Y,Y,Y,,N,,,,,,,,,,,,,,,,
ADATAC_clean,26.33515,10.27637,16.37091,0.33727,1729.95,5129.28,0,0,0.871,2.5825,0,Zn,Yes,Zn,clean,Y,Y,Y,,N,,,,,,,,,,,,,,,,
ADUROI_clean,25.68553,17.12424,25.68553,0.402567,1285.84,3194.1,0,0,0.8358,2.07617,0,Zn,Yes,Zn,clean,Y,Y,Y,,N,,,,,,,,,,,,,,,,
ADUWIH_clean,9.28386,6.55138,8.99777,0.722123,2053.82,2844.14,0,0,0.7098,0.982935,0,Zn,Yes,Zn,clean,Y,Y,Y,,N,,,,,,,,,,,,,,,,
AFITUF_clean,7.14066,5.08524,7.12439,1.32285,1391.46,1051.86,0,0,0.5322,0.402312,0,Zn,Yes,Zn,clean,Y,Y,Y,,N,,,,,,,,,,,,,,,,
AGIREP_clean,10.92956,6.85619,7.97786,0.99837,2250.02,2253.69,0,0,0.6896,0.690726,0,Zn,Yes,Zn,clean,Y,Y,Y,,N,,,,,,,,,,,,,,,,
ALANAD_clean,8.58065,5.8094,8.54388,0.697286,2813.81,4035.37,0,0,0.7542,1.08162,0,Zn,Yes,Zn,clean,Y,Y,Y,,N,,,,,,,,,,,,,,,,
ALEJIM_clean,18.20917,7.10984,11.84134,0.592075,2208.62,3730.3,0,0,0.783,1.32247,0,Zn,Yes,Zn,clean,Y,Y,Y,,N,,,,,,,,,,,,,,,,
AMILOY_clean,11.03089,9.17864,11.01877,1.00746,1259.05,1249.73,0,0,0.6048,0.60032,0,Zn,Yes,Zn,clean,Y,Y,Y,,N,,,,,,,,,,,,,,,,
AMILUE_clean,11.39418,11.07263,11.39418,0.982365,1253.76,1276.27,0,0,0.6124,0.623394,0,Zn,Yes,Zn,clean,Y,Y,Y,,N,,,,,,,,,,,,,,,,
AMIMAL_clean,11.07211,9.50667,11.06415,0.988926,1269.07,1283.28,0,0,0.6132,0.620066,0,Zn,Yes,Zn,clean,Y,Y,Y,,N,,,,,,,,,,,,,,,,
AMIMEP_clean,11.21563,10.87494,11.21563,0.985981,1260.64,1278.57,0,0,0.6026,0.611168,0,Zn,Yes,Zn,clean,Y,Y,Y,,N,,,,,,,,,,,,,,,,
ASACON_clean,6.42024,5.0837,6.41252,1.7783,988.209,555.703,0,0,0.4528,0.254625,0,Zn,Yes,Zn,clean,Y,Y,Y,,N,,,,,,,,,,,,,,,,
ASINAT_clean,9.7655,7.73483,9.74652,0.727417,1863.77,2562.17,0,0,0.6748,0.927666,0,Zn,Yes,Zn,clean,Y,Y,Y,,N,,,,,,,,,,,,,,,,
ASINEX_clean,12.53569,7.27061,12.47881,0.659976,1848.81,2801.34,0,0,0.7014,1.06277,0,Zn,Yes,Zn,clean,Y,Y,Y,,N,,,,,,,,,,,,,,,,
ATAFIK_clean,6.40025,5.70377,6.3929,1.21508,2093.15,1722.65,0,0,0.6392,0.526057,0,Zn,Yes,Zn,clean,N,Y,Y,,N,,,,,,,,,,,,,,,,
ATAYAX_clean,10.41989,5.8507,10.41891,0.781859,2402.26,3072.5,0,0,0.7182,0.91858,0,Zn,Yes,Zn,clean,Y,Y,Y,,N,,,,,,,,,,,,,,,,
ATOWIQ_clean,9.54888,7.69493,9.54888,0.866747,1781.33,2055.19,0,0,0.6812,0.785928,0,Zn,Yes,Zn,clean,Y,Y,Y,,N,,,,,,,,,,,,,,,,
ATOWOW_clean,9.60606,7.73922,9.60387,0.865497,1776.39,2052.45,0,0,0.6816,0.787524,0,Zn,Yes,Zn,clean,Y,Y,Y,,N,,,,,,,,,,,,,,,,
AVEQID_clean,7.54994,6.22752,7.22874,0.801255,2259.4,2819.83,0,0,0.702,0.876126,0,Zn,Yes,Zn,clean,Y,Y,Y,,N,,,,,,,,,,,,,,,,
AWEVIJ_clean,10.6197,8.65931,10.61387,0.747212,1607.37,2151.16,0,0,0.6408,0.857588,0,Zn,Yes,Zn,clean,Y,Y,Y,,N,,,,,,,,,,,,,,,,
BARZUR_clean,5.4946,5.30289,5.4946,0.925783,1729.65,1868.31,0,0,0.6062,0.654797,0,Zn,Yes,Zn,clean,Y,Y,Y,,N,,,,,,,,,,,,,,,,
BAWROI_clean,13.54985,9.13066,13.54893,0.629882,1979.75,3143.05,0,0,0.7794,1.23737,0,Zn,Yes,Zn,clean,Y,Y,Y,,N,,,,,,,,,,,,,,,,
BEPLUF_clean,10.54661,10.45745,10.54661,0.882268,1351.9,1532.3,0,0,0.655,0.742405,0,Zn,Yes,Zn,clean,Y,Y,Y,,N,,,,,,,,,,,,,,,,
BEPMAM_clean,10.35764,10.23297,10.35764,0.893987,1370.16,1532.64,0,0,0.63,0.704708,0,Zn,Yes,Zn,clean,Y,Y,Y,,N,,,,,,,,,,,,,,,,
BEPNIV_clean,10.32219,10.19883,10.32219,0.893387,1335.35,1494.71,0,0,0.6494,0.726897,0,Zn,Yes,Zn,clean,Y,Y,Y,,N,,,,,,,,,,,,,,,,
BEPNOB_clean,10.36311,10.23127,10.36311,0.890303,1334.01,1498.37,0,0,0.6478,0.727618,0,Zn,Yes,Zn,clean,Y,Y,Y,,N,,,,,,,,,,,,,,,,
BEPPIX_clean,9.77409,9.63706,9.77409,0.990438,1290.67,1303.13,0,0,0.592,0.597716,0,Zn,Yes,Zn,clean,Y,Y,Y,,N,,,,,,,,,,,,,,,,
BEPPOD_clean,10.03622,9.89092,10.03622,0.960732,1283.35,1335.81,0,0,0.613,0.638055,0,Zn,Yes,Zn,clean,Y,Y,Y,,N,,,,,,,,,,,,,,,,
BINRUN_clean,21.10286,10.09364,21.09225,0.511736,1907.73,3727.96,0,0,0.7778,1.51992,0,Zn,Yes,Zn,clean,Y,Y,Y,,N,,,,,,,,,,,,,,,,
BIPLIX_clean,7.36646,5.75458,7.16866,1.07595,1632.15,1516.94,0,0,0.6014,0.558949,0,"Zn,Co",Yes,Zn,clean,Y,Y,Y,,N,,,,,,,,,,,,,,,,
BOLPAU_clean,7.91374,5.10301,7.55666,0.900168,2008.9,2231.69,0,0,0.6468,0.718533,0,"Zn,Si",Yes,Zn,clean,Y,Y,Y,,N,,,,,,,,,,,,,,,,
BOWZUK_clean,8.36121,7.81351,8.30025,0.894084,1398.32,1563.97,0,0,0.6136,0.686289,0,Zn,Yes,Zn,clean,Y,Y,Y,,N,,,,,,,,,,,,,,,,
BUKRUW01_clean,10.63994,5.17607,10.63994,0.946218,2406.2,2542.96,0,0,0.7374,0.779313,0,Zn,Yes,Zn,clean,Y,Y,Y,,N,,,,,,,,,,,,,,,,
BUKRUW02_clean,10.18784,5.8011,10.17435,0.90051,2432.65,2701.41,0,0,0.7394,0.821091,0,Zn,Yes,Zn,clean,Y,Y,Y,,N,,,,,,,,,,,,,,,,
BUKRUW03_clean,10.56885,5.12331,10.56885,0.827757,2720.18,3286.2,0,0,0.764,0.922976,0,Zn,Yes,Zn,clean,Y,Y,Y,,N,,,,,,,,,,,,,,,,
c5cc04223b_c5cc04223b2_clean,12.29704,9.67035,12.2571,0.522428,2226.93,4262.65,0,0,0.794,1.51983,0,Zn,Yes,Zn,clean,Y,N,Y,,N,,N,,,,,,,,,,,,,,
c5ce02194d_c5ce02194d2_clean,6.92785,5.95944,6.79754,0.95198,1569.85,1649.04,0,0,0.5884,0.61808,0,Zn,Yes,Zn,clean,Y,N,Y,,Y,TABPEU,Y,03/12/2015,10.1039/c5ce02194d,"1 SI, 5 Structure",TABPEU,TABPEU,TABPIY,TABPOE,TABPUK,TABQAR,,,,,
c5nj02634b_c5nj02634b2_clean,6.56089,5.15548,6.36711,0.972386,1739.81,1789.21,0,0,0.6012,0.618273,0,Zn,Yes,Zn,clean,Y,N,Y,,Y,SUWROT,Y,21/07/2015,10.1039/c5nj02634b,"1 SI, 4 Structure",SUWROT,DUNYIW,DUNYOC,SUWROT,SUWRUZ,,,,,,
c6cc00862c_c6cc00862c2_clean,8.00553,6.19741,8.00553,0.932782,1633.12,1750.81,0,0,0.6212,0.665964,0,Zn,Yes,Zn,clean,Y,N,Y,,Y,VAJFOE,Y,18/12/2015,10.1039/c6cc00862c,"1 SI, 2 Structure",VAJFOE,VAJFOE,VAJGAR,,,,,,,,
CADPII_clean,5.83331,5.05627,5.83331,2.03698,286.725,140.76,0,0,0.351,0.172314,0,Zn,Yes,Zn,clean,Y,Y,Y,,N,,,,,,,,,,,,,,,,
CAGSAG_clean,9.02799,5.29308,7.06322,0.961699,2031.62,2112.53,9.03866,9.39864,0.6624,0.688781,0,Zn,Yes,Zn,clean,Y,Y,Y,,N,,,,,,,,,,,,,,,,
CAVMOD_clean,10.28847,9.36955,10.28847,0.959454,1312.84,1368.32,0,0,0.585,0.609722,0,Zn,Yes,Zn,clean,Y,Y,Y,,N,,,,,,,,,,,,,,,,
CAVPUM_manual,20.42812,7.78019,20.42812,0.407456,1942.56,4767.53,0,0,0.8202,2.01298,0,Zn,Yes,Zn,manual,Y,Y,Y,,N,,,,,,,,,,,,,,,,
CAVRAU_clean,8.06449,6.42877,8.06449,0.994088,1841.55,1852.5,0,0,0.6396,0.643404,0,Zn,Yes,Zn,clean,Y,Y,Y,,N,,,,,,,,,,,,,,,,
CAVREY_clean,7.18071,5.30054,7.16429,1.02665,1966.55,1915.49,0,0,0.6398,0.62319,0,Zn,Yes,Zn,clean,Y,Y,Y,,N,,,,,,,,,,,,,,,,
CAVVUS_clean,8.70352,6.17686,8.67533,1.10684,1589.76,1436.3,0,0,0.6378,0.576233,0,Zn,Yes,Zn,clean,Y,Y,Y,,N,,,,,,,,,,,,,,,,
CEHLAD_clean,10.21413,5.8901,10.08749,0.853623,2217.93,2598.26,0,0,0.735,0.861036,0,Zn,Yes,Zn,clean,Y,Y,Y,,N,,,,,,,,,,,,,,,,
cg401887b_si_003_clean,8.26997,6.53639,8.26997,0.770939,2356.88,3057.16,0,0,0.7266,0.942487,0,Zn,Yes,Zn,clean,Y,N,Y,,Y,FIZPUB,Y,13/11/2013,10.1021/cg401887b,"1 SI, 1 Structure",FIZPUB,,,,,,,,,,
cg501012e_si_002_clean,10.40468,5.07098,10.12255,0.834367,2007.02,2405.44,0,0,0.668,0.800607,0,Zn,Yes,Zn,clean,Y,N,Y,,Y,YOVCAP,Y,16/02/2015,10.1021/cg501012e,"1 SI, 1 Structure",YOVCAP,,,,,,,,,,
cg900153m_si_001_clean,16.94263,7.25585,10.11151,0.592421,2320.63,3917.2,0,0,0.7834,1.32237,0,Zn,Yes,Zn,clean,Y,N,Y,,N,,Y,04/02/2009,10.1021/cg900153m,"1 SI, 1 Structure",GUKQUZ,,,,,,,,,,
cg901312t_si_002_clean,15.54833,7.92817,14.85181,0.630454,2258.1,3581.71,0,0,0.764,1.21183,0,Zn,Yes,Zn,clean,Y,N,Y,,N,,Y,22/07/2010,10.1021/cg901312t,"1 SI, 1 Structure",QUTYOU,,,,,,,,,,
cm303749m_si_001_clean,11.62501,8.78986,11.62501,0.556141,2268.15,4078.37,0,0,0.7584,1.36368,0,Zn,Yes,Zn,clean,Y,N,Y,,N,,N,,,,,,,,,,,,,,
cm303749m_si_002_clean,11.94079,10.66908,11.94079,0.51806,2178.92,4205.92,0,0,0.7776,1.50099,0,Zn,Yes,Zn,clean,Y,N,Y,,N,,N,,,,,,,,,,,,,,
COKNAT_clean,11.6018,10.75702,11.60156,1.22798,1610.43,1311.45,0,0,0.6686,0.544469,0,Zn,Yes,Zn,clean,Y,Y,Y,,N,,,,,,,,,,,,,,,,
COKPUP_clean,11.57951,10.81874,11.57907,1.23248,1594.31,1293.59,0,0,0.671,0.544433,0,Zn,Yes,Zn,clean,Y,Y,Y,,N,,,,,,,,,,,,,,,,
COKQOK_clean,11.69077,10.88298,11.69034,1.22651,1596.45,1301.62,0,0,0.6696,0.545941,0,Zn,Yes,Zn,clean,Y,Y,Y,,N,,,,,,,,,,,,,,,,
DAKVOC_clean,10.83342,6.67267,9.96393,0.814427,2128.52,2613.52,0,0,0.7096,0.871288,0,Zn,Yes,Zn,clean,Y,Y,Y,,N,,,,,,,,,,,,,,,,
DAPHOU_clean,10.96282,6.06241,10.06318,0.785626,2401.47,3056.76,0,0,0.737,0.938106,0,Zn,Yes,Zn,clean,Y,Y,Y,,N,,,,,,,,,,,,,,,,
DAWCIP_clean,7.07962,5.54367,6.68431,0.995326,1963.72,1972.94,0,0,0.6428,0.645818,0,Zn,Yes,Zn,clean,Y,Y,Y,,N,,,,,,,,,,,,,,,,
DEBWAK_clean,9.51714,7.06696,9.49794,1.05415,1137.31,1078.89,0,0,0.5474,0.519279,0,Zn,Yes,Zn,clean,Y,Y,Y,,N,,,,,,,,,,,,,,,,
DEJJIN_clean,9.02838,5.92782,8.88373,1.15645,1730.76,1496.61,0,0,0.6316,0.546154,0,Zn,Yes,Zn,clean,Y,Y,Y,,N,,,,,,,,,,,,,,,,
DIDDOK_clean,9.60031,8.17399,9.60031,0.525842,2599.96,4944.37,0,0,0.7878,1.49817,0,Zn,Yes,Zn,clean,Y,Y,Y,,N,,,,,,,,,,,,,,,,
DIRPIF_clean,8.33531,6.07292,8.1953,0.867063,1783.84,2057.33,0,0,0.6398,0.737893,0,Zn,Yes,Zn,clean,Y,Y,Y,,N,,,,,,,,,,,,,,,,
DITTEH_clean,5.93254,5.15214,5.88831,1.0803,2344.41,2170.15,0,0,0.6392,0.59169,0,Zn,Yes,Zn,clean,Y,Y,Y,,N,,,,,,,,,,,,,,,,
DOCKOW_clean,6.92307,5.14701,6.92307,1.38513,740.657,534.72,0,0,0.4578,0.330511,0,"Zn,Mn",Yes,Zn,clean,Y,Y,Y,,N,,,,,,,,,,,,,,,,
DOYHUW_clean,6.87938,5.20644,6.87938,0.976254,2294.91,2350.74,0,0,0.6516,0.667449,0,Zn,Yes,Zn,clean,Y,Y,Y,,N,,,,,,,,,,,,,,,,
DUDKOE_clean,10.92488,6.00637,10.24342,0.779781,2417.09,3099.71,0,0,0.7388,0.947446,0,Zn,Yes,Zn,clean,Y,Y,Y,,N,,,,,,,,,,,,,,,,
DUPKAC_clean,11.8886,6.57125,10.69212,0.647287,2123.23,3280.21,0,0,0.7376,1.13953,0,Zn,Yes,Zn,clean,Y,Y,Y,,N,,,,,,,,,,,,,,,,
DUPVER_clean,9.93002,6.46763,9.91751,0.795967,2168.14,2723.91,0,0,0.7348,0.923153,0,Zn,Yes,Zn,clean,Y,Y,Y,,N,,,,,,,,,,,,,,,,
DURDAX_clean,8.5072,5.95019,7.5941,0.701061,2581.34,3682.05,0,0,0.7402,1.05583,0,Zn,Yes,Zn,clean,Y,Y,Y,,N,,,,,,,,,,,,,,,,
DURDIF_clean,6.93958,6.05366,6.90375,0.735097,2642.04,3594.14,0,0,0.7204,0.980006,0,Zn,Yes,Zn,clean,Y,Y,Y,,N,,,,,,,,,,,,,,,,
DUTKAG_clean,6.82996,5.62808,6.81318,0.906851,2249.11,2480.13,0,0,0.6722,0.741246,0,Zn,Yes,Zn,clean,Y,Y,Y,,N,,,,,,,,,,,,,,,,
EBOCOQ_clean,5.90692,5.38954,5.89965,0.987787,1345.25,1361.88,0,0,0.583,0.590208,0,Zn,Yes,Zn,clean,Y,Y,Y,,N,,,,,,,,,,,,,,,,
ECOKAJ_clean,18.9972,17.57546,18.98876,0.325331,1156.9,3556.08,0,0,0.873,2.68342,0,Zn,Yes,Zn,clean,Y,Y,Y,,N,,,,,,,,,,,,,,,,
EFAYIU_clean,11.56522,8.64377,10.65601,0.433579,2251.34,5192.46,0,0,0.8194,1.88985,0,Zn,Yes,Zn,clean,Y,Y,Y,,N,,,,,,,,,,,,,,,,
EFESEP_clean,10.28948,6.13196,9.71774,0.910166,1438.69,1580.69,202.393,222.369,0.6216,0.682952,0,Zn,Yes,Zn,clean,Y,Y,Y,,N,,,,,,,,,,,,,,,,
EFESOZ_clean,10.40168,6.18945,10.40168,0.9137,1441.31,1577.44,199.174,217.986,0.6294,0.688847,0,Zn,Yes,Zn,clean,Y,Y,Y,,N,,,,,,,,,,,,,,,,
EGATEM_clean,10.25144,8.68741,10.25144,0.847968,1429.66,1685.99,106.489,125.581,0.6438,0.759227,0,"Zn,Co",Yes,Zn,clean,Y,Y,Y,,N,,,,,,,,,,,,,,,,
EGATIQ_clean,10.61507,9.35673,10.60597,0.815931,1600.87,1962.02,0,0,0.6556,0.803499,0,"Zn,Ni",Yes,Zn,clean,Y,Y,Y,,N,,,,,,,,,,,,,,,,
ENITOL_clean,9.0167,5.78838,9.01452,1.0207,1622.24,1589.34,0,0,0.589,0.577054,0,"Zn,Si",Yes,Zn,clean,Y,Y,Y,,N,,,,,,,,,,,,,,,,
EPONAA_clean,9.18286,8.73453,9.17503,0.495184,2583.42,5217.09,0,0,0.8544,1.72542,0,"Zn,Nb",Yes,Zn,clean,N,Y,Y,,N,,,,,,,,,,,,,,,,
EPONEE_clean,9.19024,8.74095,9.18226,0.492814,2582.15,5239.6,0,0,0.8536,1.73209,0,"Zn,Nb",Yes,Zn,clean,N,Y,Y,,N,,,,,,,,,,,,,,,,
EQOXIT_clean,7.68652,6.98261,7.68519,1.19569,1340.21,1120.87,0,0,0.551,0.460823,0,Zn,Yes,Zn,clean,Y,Y,Y,,N,,,,,,,,,,,,,,,,
ERULEK_clean,8.92635,6.96534,8.92635,0.799593,1925.59,2408.22,0,0,0.6678,0.835175,0,Zn,Yes,Zn,clean,Y,Y,Y,,N,,,,,,,,,,,,,,,,
ESEVIH_clean,6.88268,6.30555,6.87572,1.51625,1264.35,833.868,0,0,0.5472,0.36089,0,Zn,Yes,Zn,clean,Y,Y,Y,,N,,,,,,,,,,,,,,,,
ETAXUT_clean,12.89356,7.93773,12.89356,0.721487,1897.63,2630.17,77.994,108.102,0.7242,1.00376,0,Zn,Yes,Zn,clean,Y,Y,Y,,N,,,,,,,,,,,,,,,,
EWUKIS_clean,6.09706,5.36823,6.07492,1.05799,2424.88,2291.97,0,0,0.6762,0.639136,0,Zn,Yes,Zn,clean,Y,Y,Y,,N,,,,,,,,,,,,,,,,
FAGREM_clean,7.38233,6.89343,7.38233,1.46524,1454.62,992.751,0,0,0.557,0.380143,0,Zn,Yes,Zn,clean,Y,Y,Y,,N,,,,,,,,,,,,,,,,
FAHPOV_clean,15.83326,12.70856,15.77354,0.465056,1930.74,4151.64,0,0,0.8222,1.76796,0,Zn,Yes,Zn,clean,Y,Y,Y,,N,,,,,,,,,,,,,,,,
FAYPAY_clean,12.90794,5.24047,12.8925,0.673936,2011.51,2984.72,0,0,0.742,1.10099,0,Zn,Yes,Zn,clean,Y,Y,Y,,N,,,,,,,,,,,,,,,,
FAYPIG_clean,11.51198,6.01308,11.45567,0.74228,1782.59,2401.5,0,0,0.7098,0.956244,0,Zn,Yes,Zn,clean,Y,Y,Y,,N,,,,,,,,,,,,,,,,
FAYQAZ_clean,13.25092,5.37829,12.95797,0.797039,1583.25,1986.41,0,0,0.6806,0.85391,0,Zn,Yes,Zn,clean,Y,Y,Y,,N,,,,,,,,,,,,,,,,
FAYQED_clean,12.559,10.1499,12.53561,0.533674,1990.43,3729.68,0,0,0.7818,1.46494,0,Zn,Yes,Zn,clean,Y,Y,Y,,N,,,,,,,,,,,,,,,,
FAYQUT_clean,11.36736,8.26719,11.16554,0.777904,1704.81,2191.54,0,0,0.681,0.875429,0,Zn,Yes,Zn,clean,Y,Y,Y,,N,,,,,,,,,,,,,,,,
FECXUI_clean,10.09798,5.67724,10.08611,0.924829,2051.69,2218.46,0,0,0.69,0.746084,0,Zn,Yes,Zn,clean,Y,Y,Y,,N,,,,,,,,,,,,,,,,
FECYUJ_clean,9.54146,5.39642,9.54146,0.925869,2090.23,2257.59,1.94532,2.10107,0.6792,0.733581,0,Zn,Yes,Zn,clean,Y,Y,Y,,N,,,,,,,,,,,,,,,,
FERHAN_clean,10.23981,6.40536,10.23981,0.784123,1831.24,2335.4,115.057,146.734,0.6978,0.889911,0,Zn,Yes,Zn,clean,Y,Y,Y,,N,,,,,,,,,,,,,,,,
FIFGIM_clean,12.64493,7.03976,9.83966,0.68535,2218.22,3236.63,0,0,0.7642,1.11505,0,"In,Zn",Yes,Zn,clean,Y,Y,Y,,N,,,,,,,,,,,,,,,,
FIJCUX01_clean,7.34002,6.13056,7.33722,1.22326,1581.46,1292.83,0,0,0.608,0.497033,0,Zn,Yes,Zn,clean,Y,Y,Y,,N,,,,,,,,,,,,,,,,
FIJDOS_clean,11.71715,10.90932,11.71715,1.21946,1612.88,1322.61,0,0,0.6614,0.54237,0,Zn,Yes,Zn,clean,Y,Y,Y,,N,,,,,,,,,,,,,,,,
FIZPOV_clean,6.69877,5.40684,6.69877,0.878608,2365.02,2691.78,0,0,0.6734,0.766439,0,Zn,Yes,Zn,clean,Y,Y,Y,,N,,,,,,,,,,,,,,,,
FOJLOH_clean,7.23927,6.67302,7.23927,0.822249,1870.22,2274.52,0,0,0.6338,0.770813,0,Zn,Yes,Zn,clean,Y,Y,Y,,N,,,,,,,,,,,,,,,,
FONPUV_clean,5.63348,5.082,5.6238,1.54253,959.017,621.718,0,0,0.4556,0.29536,0,Zn,Yes,Zn,clean,Y,Y,Y,,N,,,,,,,,,,,,,,,,
FORTUD_clean,17.46562,10.38181,17.46523,0.786041,1513.55,1925.54,116.509,148.223,0.691,0.879089,0,Zn,Yes,Zn,clean,Y,Y,Y,,N,,,,,,,,,,,,,,,,
FUDGES_clean,7.76038,5.54861,7.76038,0.846504,2469.98,2917.86,0,0,0.7118,0.84087,0,Zn,Yes,Zn,clean,Y,Y,Y,,N,,,,,,,,,,,,,,,,
FUNCEX_clean,13.21557,12.47689,13.21557,0.543761,1970.91,3624.58,0,0,0.7842,1.44218,0,Zn,Yes,Zn,clean,Y,Y,Y,,N,,,,,,,,,,,,,,,,
FUTKEL_manual,6.71846,5.39444,6.71589,0.983709,1614.06,1640.79,0,0,0.5708,0.580253,0,Zn,Yes,Zn,manual,Y,Y,Y,,N,,,,,,,,,,,,,,,,
FUTZAX_clean,6.70042,6.11185,6.67865,0.956816,2069.71,2163.12,0,0,0.6692,0.699403,0,Zn,Yes,Zn,clean,Y,Y,Y,,N,,,,,,,,,,,,,,,,
FUTZOL_clean,9.30232,6.36524,9.14367,0.891296,2041.5,2290.48,0,0,0.6794,0.762261,0,Zn,Yes,Zn,clean,Y,Y,Y,,N,,,,,,,,,,,,,,,,
FUVDEH06_clean,6.60161,5.99656,6.60161,1.76662,404.855,229.169,0,0,0.3004,0.170042,0,Zn,Yes,Zn,clean,Y,Y,Y,,N,,,,,,,,,,,,,,,,
FUVDEH07_clean,6.60769,6.00286,6.60769,1.79524,402.026,223.94,0,0,0.2898,0.161427,0,Zn,Yes,Zn,clean,Y,Y,Y,,N,,,,,,,,,,,,,,,,
FUVDEH08_clean,6.59075,5.99281,6.59075,1.83217,393.9,214.991,0,0,0.278,0.151733,0,Zn,Yes,Zn,clean,Y,Y,Y,,N,,,,,,,,,,,,,,,,
FUVFUZ_clean,6.56118,5.97328,6.56118,1.8467,394.83,213.803,0,0,0.2718,0.147181,0,Zn,Yes,Zn,clean,Y,Y,Y,,N,,,,,,,,,,,,,,,,
FUVGAG_clean,6.54806,5.98797,6.54806,1.86856,393.33,210.499,0,0,0.2642,0.141392,0,Zn,Yes,Zn,clean,Y,Y,Y,,N,,,,,,,,,,,,,,,,
FUVGAG01_clean,6.51649,5.95918,6.51649,1.88251,388.784,206.525,0,0,0.2612,0.138751,0,Zn,Yes,Zn,clean,Y,Y,Y,,N,,,,,,,,,,,,,,,,
GACQAE_clean,8.56972,8.26373,8.56972,0.874357,2020.35,2310.67,0,0,0.694,0.793726,0,Zn,Yes,Zn,clean,Y,Y,Y,,N,,,,,,,,,,,,,,,,
GADMAA_clean,8.30223,7.00364,8.30223,1.50475,1042.04,692.502,0,0,0.5772,0.383584,0,"Gd,Zn",Yes,Zn,clean,Y,Y,Y,,N,,,,,,,,,,,,,,,,
GADMAA01_clean,8.25017,6.95114,8.25017,1.49914,1053.4,702.671,0.37233,0.248363,0.576,0.38422,0,"Gd,Zn",Yes,Zn,clean,Y,Y,Y,,N,,,,,,,,,,,,,,,,
GAFROX_clean,10.38317,5.82029,10.02176,0.765244,2450.36,3202.06,0,0,0.7244,0.946626,0,Zn,Yes,Zn,clean,Y,Y,Y,,N,,,,,,,,,,,,,,,,
GAHWIX_clean,10.08038,7.17794,10.08038,0.589363,2617.83,4441.79,0,0,0.7728,1.31125,0,Zn,Yes,Zn,clean,Y,Y,Y,,N,,,,,,,,,,,,,,,,
GALCAZ_clean,7.51924,6.97754,7.50411,1.17363,1179.25,1004.78,0,0,0.5068,0.431822,0,Zn,Yes,Zn,clean,Y,Y,Y,,N,,,,,,,,,,,,,,,,
GARTUR_clean,11.12255,10.84777,11.12255,1.34756,1641,1217.75,0,0,0.6774,0.502685,0,"Zn,Ga",Yes,Zn,clean,Y,Y,Y,,N,,,,,,,,,,,,,,,,
GASSUR_clean,7.13166,6.36797,7.11779,1.0643,1692.45,1590.2,0,0,0.616,0.578785,0,Zn,Yes,Zn,clean,Y,Y,Y,,N,,,,,,,,,,,,,,,,
GATBUZ_charged,6.90621,5.13941,6.90042,1.10396,1265.08,1145.95,0,0,0.542,0.490962,0,Zn,Yes,Zn,charged,Y,Y,Y,,N,,,,,,,,,,,,,,,,
GAWMOJ_clean,9.85959,7.82076,9.85959,0.707147,2014.24,2848.41,0,0,0.7242,1.02411,0,Zn,Yes,Zn,clean,Y,Y,Y,,N,,,,,,,,,,,,,,,,
GIRXUC_clean,9.02646,6.62876,9.00319,0.768463,2450.96,3189.43,0,0,0.7778,1.01215,0,Zn,Yes,Zn,clean,Y,Y,Y,,N,,,,,,,,,,,,,,,,
GIRYAJ_clean,11.11776,6.67504,11.11673,0.856122,2399.62,2802.89,0,0,0.7336,0.856887,0,Zn,Yes,Zn,clean,Y,Y,Y,,N,,,,,,,,,,,,,,,,
GISMAY_clean,7.56113,5.5145,7.12706,1.15475,978.763,847.594,187.52,162.389,0.5516,0.477677,0,Zn,Yes,Zn,clean,Y,Y,Y,,N,,,,,,,,,,,,,,,,
GITPIK_clean,6.71051,5.85889,6.69498,1.05932,1949.1,1839.96,0,0,0.6024,0.568668,0,Zn,Yes,Zn,clean,Y,Y,Y,,N,,,,,,,,,,,,,,,,
GIYTIS_SL,6.15959,5.08946,6.15959,0.966844,2140.02,2213.41,0,0,0.6424,0.66443,0,Zn,Yes,Zn,SL,Y,Y,Y,,N,,,,,,,,,,,,,,,,
GONNAA_clean,7.09205,5.80307,7.09205,0.944258,2774.42,2938.2,0,0,0.7154,0.757632,0,Zn,Yes,Zn,clean,N,Y,Y,,N,,,,,,,,,,,,,,,,
GOSKEG_clean,7.10002,5.21425,6.59335,0.943193,1754.71,1860.4,1.38955,1.47324,0.6182,0.655433,0,Zn,Yes,Zn,clean,Y,Y,Y,,N,,,,,,,,,,,,,,,,
GUVLAL_clean,8.46005,7.97124,8.46005,1.21092,2060.95,1701.98,0,0,0.6704,0.55363,0,Zn,Yes,Zn,clean,Y,Y,Y,,N,,,,,,,,,,,,,,,,
HABREJ_clean,7.22153,5.5004,7.20678,0.929467,1805.81,1942.84,0,0,0.6346,0.682757,0,Zn,Yes,Zn,clean,Y,Y,Y,,N,,,,,,,,,,,,,,,,
HAMJOW_clean,5.97637,5.66826,5.96867,0.916107,2203.56,2405.35,0,0,0.6442,0.703193,0,Zn,Yes,Zn,clean,Y,Y,Y,,N,,,,,,,,,,,,,,,,
HAPHUD_clean,8.47502,6.8337,8.46296,0.827108,1882.02,2275.42,0,0,0.6618,0.800137,0,Zn,Yes,Zn,clean,Y,Y,Y,,N,,,,,,,,,,,,,,,,
HAQRID_clean,8.35999,7.36684,8.31122,1.01133,1835.07,1814.52,0,0,0.6542,0.646874,0,Zn,Yes,Zn,clean,Y,Y,Y,,N,,,,,,,,,,,,,,,,
HAYLIE_clean,7.09546,5.16312,7.09546,0.822497,1782.71,2167.43,0,0,0.6384,0.776173,0,Zn,Yes,Zn,clean,Y,Y,Y,,N,,,,,,,,,,,,,,,,
HEDCAW_clean,8.17736,6.62352,8.16605,0.938004,1961.34,2090.97,0,0,0.6256,0.666948,0,Zn,Yes,Zn,clean,Y,Y,Y,,N,,,,,,,,,,,,,,,,
HOGJIX_clean,10.87652,5.94063,10.87549,0.784217,2419.27,3084.95,0,0,0.7452,0.950247,0,Zn,Yes,Zn,clean,Y,Y,Y,,N,,,,,,,,,,,,,,,,
HOWPUF_clean,7.93406,5.48339,7.91016,0.971712,2041.64,2101.08,0,0,0.6486,0.667482,0,Zn,Yes,Zn,clean,Y,Y,Y,,N,,,,,,,,,,,,,,,,
HUPQIU_clean,11.12952,5.24741,11.12952,1.02735,1615.52,1572.51,0,0,0.5816,0.566115,0,Zn,Yes,Zn,clean,Y,Y,Y,,N,,,,,,,,,,,,,,,,
HUQGOR_clean,10.27351,7.23414,10.27351,0.702938,1802.86,2564.75,0,0,0.6908,0.982733,0,Zn,Yes,Zn,clean,Y,Y,Y,,N,,,,,,,,,,,,,,,,
HUQHAE_clean,10.11008,7.63969,10.07674,0.70182,1853.59,2641.12,0,0,0.6866,0.978314,0,Zn,Yes,Zn,clean,Y,Y,Y,,N,,,,,,,,,,,,,,,,
HUQHEI_clean,10.39855,7.33583,10.39855,0.70723,1815.66,2567.28,0,0,0.6916,0.9779,0,Zn,Yes,Zn,clean,Y,Y,Y,,N,,,,,,,,,,,,,,,,
HUQHIM_clean,10.2269,8.71112,10.19864,0.711062,1763.31,2479.82,0,0,0.6842,0.962223,0,Zn,Yes,Zn,clean,Y,Y,Y,,N,,,,,,,,,,,,,,,,
HUQHOS_clean,9.73841,7.14116,9.73841,0.752041,1815.26,2413.78,0,0,0.677,0.900216,0,Zn,Yes,Zn,clean,Y,Y,Y,,N,,,,,,,,,,,,,,,,
HUQHUY_clean,12.11698,9.08074,12.11414,0.619951,1818.86,2933.88,0,0,0.7208,1.16267,0,Zn,Yes,Zn,clean,Y,Y,Y,,N,,,,,,,,,,,,,,,,
HURFEH_clean,7.40163,5.27423,7.39913,1.02718,1852.44,1803.42,0,0,0.6308,0.61411,0,Zn,Yes,Zn,clean,Y,Y,Y,,N,,,,,,,,,,,,,,,,
HURFUX_clean,6.75247,5.05596,6.75247,1.0343,1910.3,1846.94,0,0,0.6324,0.611426,0,Zn,Yes,Zn,clean,Y,Y,Y,,N,,,,,,,,,,,,,,,,
HUZXAD_clean,11.46912,7.77199,11.4651,0.64457,2049.85,3180.18,0,0,0.7146,1.10865,0,Zn,Yes,Zn,clean,Y,Y,Y,,N,,,,,,,,,,,,,,,,
HUZXIL_clean,10.514,7.06946,10.514,0.669354,2073.02,3097.05,0,0,0.7026,1.04967,0,Zn,Yes,Zn,clean,Y,Y,Y,,N,,,,,,,,,,,,,,,,
HUZXOR_clean,11.426,7.94889,11.41586,0.669497,1905.96,2846.85,0,0,0.7086,1.05841,0,Zn,Yes,Zn,clean,Y,Y,Y,,N,,,,,,,,,,,,,,,,
HUZXUX_clean,9.29118,6.23555,9.29118,0.722566,1940.52,2685.59,0,0,0.6812,0.942751,0,Zn,Yes,Zn,clean,Y,Y,Y,,N,,,,,,,,,,,,,,,,
IBUBIT_clean,11.26336,10.79912,11.26336,0.878987,1904.31,2166.48,0,0,0.7036,0.800467,0,Zn,Yes,Zn,clean,Y,Y,Y,,N,,,,,,,,,,,,,,,,
ic402692p_si_005_clean,8.36657,7.12488,8.36657,1.09017,2068.01,1896.96,0,0,0.651,0.597155,0,Zn,Yes,Zn,clean,Y,N,Y,,Y,NIWYAV,Y,07/02/2014,10.1021/ic402692p,"1 SI, 1 Structure",NIWYAV,,,,,,,,,,
ic501801f_si_003_clean,7.15079,6.5153,7.14534,0.88298,1302.1,1474.67,43.0565,48.7627,0.5668,0.641917,0,Zn,Yes,Zn,clean,Y,N,Y,,Y,XUNVAF,Y,15/09/2015,10.1021/ic501801f,"1 SI, 1 Structure",XUNVAF,,,,,,,,,,
ic502254c_si_002_clean,12.68207,7.60887,12.68207,0.711281,1866.25,2623.79,0,0,0.7144,1.00439,0,Zn,Yes,Zn,clean,Y,N,Y,,Y,YOTHEW,Y,05/02/2015,10.1021/ic502254c,"1 SI, 1 Structure",YOTHEW,,,,,,,,,,
ic502643m_si_003_clean,9.70753,8.64872,9.70205,0.819549,2343.2,2859.13,0,0,0.7048,0.859985,0,Zn,Yes,Zn,clean,Y,N,Y,,Y,PUGSIV,Y,25/07/2014,10.1021/ic502643m,"1 SI, 1 Structure",PUGSIV,,,,,,,,,,
ic502643m_si_006_clean,9.0043,8.36575,9.0043,0.810849,2358.37,2908.52,0,0,0.7174,0.884751,0,Zn,Yes,Zn,clean,Y,N,Y,,Y,PUGTAO,Y,25/07/2014,10.1021/ic502643m,"1 SI, 1 Structure",PUGTAO,,,,,,,,,,
ic502643m_si_007_clean,13.1918,11.62964,13.1918,0.690929,2270.17,3285.68,0,0,0.7542,1.09157,0,Zn,Yes,Zn,clean,Y,N,Y,,Y,PUFQUE,Y,25/07/2014,10.1021/ic502643m,"1 SI, 1 Structure",PUFQUE,,,,,,,,,,
ic502643m_si_008_clean,9.64298,8.71131,9.6207,0.809539,2189.42,2704.52,0,0,0.7184,0.887419,0,Zn,Yes,Zn,clean,Y,N,Y,,Y,PUFQIS,Y,25/07/2014,10.1021/ic502643m,"1 SI, 1 Structure",PUFQIS,,,,,,,,,,
ic502643m_si_009_clean,12.65736,11.14997,12.63796,0.678305,2348.61,3462.47,0,0,0.757,1.11602,0,Zn,Yes,Zn,clean,Y,N,Y,,Y,PUFQOY,Y,25/07/2014,10.1021/ic502643m,"1 SI, 1 Structure",PUFQOY,,,,,,,,,,
ic502643m_si_010_clean,12.46942,12.09962,12.4634,0.660845,2360.76,3572.33,0,0,0.7614,1.15216,0,Zn,Yes,Zn,clean,Y,N,Y,,Y,PUFRIT,Y,25/07/2014,10.1021/ic502643m,"1 SI, 1 Structure",PUFRIT,,,,,,,,,,
ic5029383_si_002_clean,13.89608,6.70448,13.87452,0.615292,2325.45,3779.43,0,0,0.7826,1.27192,0,Zn,Yes,Zn,clean,Y,N,Y,,Y,GUGJEZ,Y,23/09/2014,10.1021/ic5029383,"1 SI, 1 Structure",GUGJEZ,,,,,,,,,,
IFAGON_clean,7.26408,5.9349,7.24141,0.928559,1699.23,1829.96,0,0,0.6226,0.670501,0,Zn,Yes,Zn,clean,Y,Y,Y,,N,,,,,,,,,,,,,,,,
IPIJEY_clean,5.9118,5.17695,5.9118,1.3358,1030.18,771.213,0,0,0.4974,0.372363,0,Zn,Yes,Zn,clean,Y,Y,Y,,N,,,,,,,,,,,,,,,,
IVILEG_clean,14.1452,13.26623,14.13413,0.718024,1541.13,2146.34,0,0,0.7232,1.00721,0,Zn,Yes,Zn,clean,Y,Y,Y,,N,,,,,,,,,,,,,,,,
IZEWAN_clean,9.04728,8.48639,9.03641,0.87931,1735.67,1973.9,0,0,0.6642,0.755365,0,Zn,Yes,Zn,clean,Y,Y,Y,,N,,,,,,,,,,,,,,,,
IZUVUV_clean,10.56188,10.34053,10.56188,0.902736,1518.51,1682.12,0,0,0.6572,0.728009,0,Zn,Yes,Zn,clean,Y,Y,Y,,N,,,,,,,,,,,,,,,,
j.ica.2016.05.002_2_clean,7.92311,7.02117,7.40406,1.04215,1506.32,1445.4,0,0,0.5762,0.552895,0,Zn,Yes,Zn,clean,Y,N,Y,,Y,AMUPIJ,Y,22/08/2015,10.1016/j.ica.2016.05.002,"1 SI, 6 Structure",AMUPIJ,AMUPIJ,AMUPOP,AMUPUV,AMUQAC,AMUQEG,AMUQIK,,,,
ja076167asi20070815_063752_clean,6.41846,5.04294,5.80487,0.848014,2489.2,2935.33,0,0,0.6344,0.748101,0,Zn,Yes,Zn,clean,Y,N,Y,,Y,VISGOU,Y,09/01/2008,10.1021/ja076167a,"1 SI, 1 Structure",VISGOU,,,,,,,,,,
ja300034j_si_002_clean,16.78888,16.71746,16.78888,0.713223,1373.37,1925.59,0,0,0.772,1.08241,0,Zn,Yes,Zn,clean,Y,N,Y,,Y,XUXPUD,Y,17/09/2015,10.1021/ja300034j,"1 SI, 1 Structure",XUXPUD,,,,,,,,,,
ja403810k_si_002_clean,24.11444,19.56277,24.11444,0.396669,1099.67,2772.25,0,0,0.86,2.16806,0,Zn,Yes,Zn,clean,Y,N,Y,,Y,TOCJAY,Y,20/02/2014,10.1021/ja403810k,"1 SI, 1 Structure",TOCJAY,,,,,,,,,,
ja411887c_si_002_clean,11.91912,9.14993,11.89973,0.619221,2306.85,3725.41,0,0,0.7606,1.22832,0,Zn,Yes,Zn,clean,Y,N,Y,,Y,ONUCIL,Y,14/06/2016,10.1021/ja411887c,"1 SI, 1 Structure",ONUCIL,,,,,,,,,,
ja5063423_si_002_clean,10.81396,5.19047,10.74347,0.995074,2374.31,2386.06,0,0,0.7264,0.729996,0,Zn,Yes,Zn,clean,Y,N,Y,,Y,BUKRUW,Y,24/07/2015,10.1021/ja5063423,"1 SI, 10 Structure",BUKRUW,BUKRUW,BUKRUW01,BUKRUW02,BUKRUW03,BUKSAD,BUKSIL,BUKTAE,BUKTEI,BUKTIM,BUKTOS
jacs.6b01345_ja6b01345_si_001_clean,20.28746,11.03087,20.28746,0.706861,1313.51,1858.23,15.0052,21.228,0.6976,0.986898,0,Zn,Yes,Zn,clean,Y,N,Y,,N,,Y,11/05/2016,10.1021/jacs.6b01345,"1 SI, 1 Structure",OMURUL,,,,,,,,,,
jacs.6b02030_ja6b02030_si_002_clean,9.27827,8.57062,9.27827,1.61278,1536.21,952.52,0,0,0.6184,0.383437,0,Zn,Yes,Zn,clean,Y,N,Y,,Y,OLOPUC,Y,22/02/2016,10.1021/jacs.6b02030,"1 SI, 1 Structure",OLOPUC,,,,,,,,,,
jacs.6b02030_ja6b02030_si_003_clean,9.33807,8.65245,9.33807,1.33968,1588.12,1185.45,0,0,0.6278,0.468619,0,Zn,Yes,Zn,clean,Y,N,Y,,Y,OLEYAH,Y,22/02/2016,10.1021/jacs.6b02030,"1 SI, 1 Structure",OLEYAH,,,,,,,,,,
JADJOQ_clean,5.63389,5.12978,5.62594,1.03186,2420.1,2345.38,0,0,0.6734,0.65261,0,Zn,Yes,Zn,clean,Y,Y,Y,,N,,,,,,,,,,,,,,,,
JENKET_SL,12.8466,11.09496,12.83423,0.704786,1452.89,2061.46,0,0,0.6858,0.973062,0,Zn,Yes,Zn,SL,Y,Y,Y,,N,,,,,,,,,,,,,,,,
JENKIX_SL,9.92059,7.48583,9.85803,1.01231,1221.66,1206.81,0,0,0.5698,0.56287,0,Zn,Yes,Zn,SL,Y,Y,Y,,N,,,,,,,,,,,,,,,,
jp2064408_si_002_clean,12.93309,6.73336,12.93309,0.876804,2105.23,2401.03,0,0,0.7182,0.819111,0,Zn,Yes,Zn,clean,Y,N,Y,,Y,HANHAH,Y,"	21/11/2011",10.1021/jp2064408,"1 SI, 1 Structure",HANHAH,,,,,,,,,,
JUXFOZ_clean,6.56163,5.01898,6.56163,0.789798,2685.32,3400.01,0,0,0.699,0.885037,0,Zn,Yes,Zn,clean,Y,Y,Y,,N,,,,,,,,,,,,,,,,
KAWHEY_clean,18.21481,15.58526,18.21481,0.462868,1507.18,3256.18,0,0,0.8126,1.75558,0,Zn,Yes,Zn,clean,Y,Y,Y,,N,,,,,,,,,,,,,,,,
KEFBEE_clean,11.08232,7.03865,11.08232,0.706119,2334.22,3305.7,0,0,0.7482,1.05959,0,Zn,Yes,Zn,clean,Y,Y,Y,,N,,,,,,,,,,,,,,,,
KEFBII_clean,11.60551,5.69321,11.58639,0.756483,2453.14,3242.83,0,0,0.7332,0.969223,0,Zn,Yes,Zn,clean,Y,Y,Y,,N,,,,,,,,,,,,,,,,
KEFBOO_clean,11.98728,8.05488,11.98728,0.72084,2302.73,3194.5,0,0,0.7462,1.03518,0,Zn,Yes,Zn,clean,Y,Y,Y,,N,,,,,,,,,,,,,,,,
KEPPIF_clean,7.58494,5.23607,7.09943,1.25981,2380.78,1889.8,0,0,0.6804,0.540084,0,Zn,Yes,Zn,clean,Y,Y,Y,,N,,,,,,,,,,,,,,,,
KEQDER_clean,13.61666,6.49901,13.37179,0.543402,2314.06,4258.46,0,0,0.7794,1.4343,0,Zn,Yes,Zn,clean,Y,Y,Y,,N,,,,,,,,,,,,,,,,
KIGCEK_clean,10.39364,10.27787,10.39364,0.990795,1293.94,1305.96,0,0,0.603,0.608602,0,Zn,Yes,Zn,clean,Y,Y,Y,,N,,,,,,,,,,,,,,,,
KOHKIC_clean,9.61717,7.1473,9.61717,0.879264,1566.05,1781.09,99.4285,113.081,0.6478,0.736752,0,"Na,Zn",Yes,Zn,clean,Y,Y,Y,,N,,,,,,,,,,,,,,,,
KOHKOI_clean,9.75224,7.03631,9.74499,0.882485,1556.94,1764.27,99.8155,113.107,0.639,0.724092,0,"Zn,K",Yes,Zn,clean,Y,Y,Y,,N,,,,,,,,,,,,,,,,
KOZNIY_clean,6.57194,5.24744,6.52017,1.04618,2076.22,1984.58,0,0,0.6344,0.606399,0,Zn,Yes,Zn,clean,N,Y,Y,,N,,,,,,,,,,,,,,,,
KUJNOT_clean,8.23736,6.10049,8.23736,1.05875,1568.61,1481.57,0,0,0.6114,0.577473,0,Zn,Yes,Zn,clean,Y,Y,Y,,N,,,,,,,,,,,,,,,,
KUJNUZ_clean,8.0106,6.50203,7.98579,1.08206,1519.03,1403.83,0,0,0.6028,0.557085,0,Zn,Yes,Zn,clean,Y,Y,Y,,N,,,,,,,,,,,,,,,,
KUJPAH_clean,10.82391,6.6625,10.80154,0.808261,1985.69,2456.74,0,0,0.6988,0.864572,0,Zn,Yes,Zn,clean,Y,Y,Y,,N,,,,,,,,,,,,,,,,
KUKZOH_clean,7.44729,5.70388,7.44729,0.883784,2165.19,2449.91,57.8203,65.4236,0.6614,0.748373,0,Zn,Yes,Zn,clean,Y,Y,Y,,N,,,,,,,,,,,,,,,,
la304204k_si_003_clean,7.26398,5.93484,7.26398,0.928582,1704.47,1835.57,0,0,0.6226,0.670485,0,Zn,Yes,Zn,clean,Y,N,Y,,N,,N,,,,,,,,,,,,,,
la4012839_si_002_auto,13.36908,6.74856,13.36908,0.867921,2110.92,2432.16,0,0,0.7182,0.827495,0,Zn,Yes,Zn,auto,Y,N,Y,,N,,N,,,,,,,,,,,,,,
LACQIS_clean,6.42465,5.40382,6.41795,0.966783,2295.27,2374.13,0,0,0.6476,0.669851,0,Zn,Yes,Zn,clean,Y,Y,Y,,N,,,,,,,,,,,,,,,,
LADHIJ_clean,6.31369,5.23329,6.31062,1.05952,1841.47,1738.01,0,0,0.633,0.597438,0,Zn,Yes,Zn,clean,Y,Y,Y,,N,,,,,,,,,,,,,,,,
LAGWUN_clean,7.27418,6.60927,7.27418,1.47237,1426.73,969.005,0,0,0.5734,0.38944,0,Zn,Yes,Zn,clean,Y,Y,Y,,N,,,,,,,,,,,,,,,,
LETPOR_clean,11.06769,10.6456,11.06769,1.31092,1583.35,1207.82,0,0,0.6774,0.516738,0,"Zn,Ga",Yes,Zn,clean,Y,Y,Y,,N,,,,,,,,,,,,,,,,
LETPUX_clean,17.65528,16.43472,17.65528,1.06966,1482.59,1386.05,0,0,0.7454,0.69686,0,"Zn,Ga",Yes,Zn,clean,Y,Y,Y,,N,,,,,,,,,,,,,,,,
LETPUX01_clean,17.65528,16.43472,17.65528,1.06966,1485.27,1388.55,0,0,0.7452,0.696673,0,"Zn,Ga",Yes,Zn,clean,Y,Y,Y,,N,,,,,,,,,,,,,,,,
LETQAE_clean,18.31927,17.55519,18.31927,0.940384,1367.76,1454.47,0,0,0.7778,0.827109,0,"Zn,Ga",Yes,Zn,clean,Y,Y,Y,,N,,,,,,,,,,,,,,,,
LETQEI_clean,25.68935,25.43895,25.68935,0.814849,1230.83,1510.5,0,0,0.8076,0.991104,0,"Zn,Ga",Yes,Zn,clean,Y,Y,Y,,N,,,,,,,,,,,,,,,,
LETRAF_clean,26.75898,26.49317,26.74189,0.733819,1149.99,1567.13,0,0,0.828,1.12834,0,"Zn,Ga",Yes,Zn,clean,Y,Y,Y,,N,,,,,,,,,,,,,,,,
LEVPAF_clean,9.99333,8.10197,9.99333,0.81142,1805.64,2225.28,0,0,0.6764,0.833601,0,Zn,Yes,Zn,clean,Y,Y,Y,,N,,,,,,,,,,,,,,,,
LIQDAS_clean,12.80393,5.86346,12.80393,0.732254,1996.94,2727.12,0,0,0.725,0.990093,0,"Zn,Ti",Yes,Zn,clean,Y,Y,Y,,N,,,,,,,,,,,,,,,,
LUPYAX_clean,7.54991,6.34934,7.53102,1.01424,2199.81,2168.93,0,0,0.6806,0.671046,0,Zn,Yes,Zn,clean,Y,Y,Y,,N,,,,,,,,,,,,,,,,
LUVTAY_clean,10.30257,9.44256,10.2197,1.08662,1146.97,1055.54,0,0,0.5838,0.537262,0,Zn,Yes,Zn,clean,Y,Y,Y,,N,,,,,,,,,,,,,,,,
LUZJAT_clean,8.19723,7.01697,8.18474,1.37403,1823.93,1327.44,0,0,0.6136,0.44657,0,Zn,Yes,Zn,clean,Y,Y,Y,,N,,,,,,,,,,,,,,,,
MAHCIK_clean,18.77734,7.81499,18.77734,0.539574,2171.35,4024.19,0,0,0.8044,1.49081,0,Zn,Yes,Zn,clean,Y,Y,Y,,N,,,,,,,,,,,,,,,,
MATTUX_clean,6.25712,5.16476,6.25712,1.06941,1603.09,1499.04,0,0,0.5648,0.528144,0,Zn,Yes,Zn,clean,Y,Y,Y,,N,,,,,,,,,,,,,,,,
MATWUC_clean,6.79171,5.36307,6.77355,0.962581,2073.83,2154.45,0,0,0.6394,0.664256,0,Zn,Yes,Zn,clean,Y,Y,Y,,N,,,,,,,,,,,,,,,,
MATXAJ_clean,12.50004,9.04853,12.40632,0.6224,2078.93,3340.18,0,0,0.775,1.24518,0,Zn,Yes,Zn,clean,Y,Y,Y,,N,,,,,,,,,,,,,,,,
MAVNUU_manual,7.52328,6.25675,7.49475,1.00896,1346.7,1334.73,0,0,0.5494,0.544519,0,Zn,Yes,Zn,manual,Y,Y,Y,,N,,,,,,,,,,,,,,,,
MAWVAK_clean,5.70954,5.40047,5.70954,0.993165,1765.23,1777.38,0,0,0.616,0.620239,0,Zn,Yes,Zn,clean,Y,Y,Y,,N,,,,,,,,,,,,,,,,
MIDCAF_clean,11.10741,9.8382,11.10741,0.853326,1614.16,1891.61,0,0,0.6702,0.785397,0,Zn,Yes,Zn,clean,Y,Y,Y,,N,,,,,,,,,,,,,,,,
MIMSOS_clean,11.1144,9.75442,11.1107,0.986032,1267.43,1285.39,0,0,0.613,0.621683,0,Zn,Yes,Zn,clean,Y,Y,Y,,N,,,,,,,,,,,,,,,,
MIMSUY_clean,11.16343,10.81199,11.16343,0.974993,1274.86,1307.56,0,0,0.613,0.628722,0,Zn,Yes,Zn,clean,Y,Y,Y,,N,,,,,,,,,,,,,,,,
MUDTAH_clean,18.89368,6.63386,18.89368,0.562193,2169.18,3858.42,0,0,0.7916,1.40806,0,Zn,Yes,Zn,clean,Y,Y,Y,,N,,,,,,,,,,,,,,,,
MULQOA_clean,5.82935,5.12372,5.78502,1.29204,2093.52,1620.33,0,0,0.6306,0.488067,0,Zn,Yes,Zn,clean,Y,Y,Y,,N,,,,,,,,,,,,,,,,
MUNNUF_clean,7.33223,5.00492,7.33223,0.937356,1880,2005.64,0,0,0.6136,0.654607,0,Zn,Yes,Zn,clean,Y,Y,Y,,N,,,,,,,,,,,,,,,,
MUQSAU_clean,6.10574,5.26029,6.08367,1.19181,1276.39,1070.97,0,0,0.5272,0.442354,0,Zn,Yes,Zn,clean,Y,Y,Y,,N,,,,,,,,,,,,,,,,
MUSCAG_clean,5.66812,5.1578,5.66812,1.35058,1261.14,933.776,0,0,0.5436,0.402493,0,Zn,Yes,Zn,clean,Y,Y,Y,,N,,,,,,,,,,,,,,,,
MUVLUM_clean,8.4023,7.67137,8.36811,1.09338,1571.87,1437.62,0,0,0.597,0.546011,0,Zn,Yes,Zn,clean,Y,Y,Y,,N,,,,,,,,,,,,,,,,
NACYAU_clean,9.59326,6.44061,9.30682,0.587991,2547.85,4333.14,0,0,0.7478,1.27179,0,Zn,Yes,Zn,clean,Y,Y,Y,,N,,,,,,,,,,,,,,,,
NATHUO_clean,7.56745,6.68911,7.56745,1.07613,1712.53,1591.37,0,0,0.6018,0.559224,0,Zn,Yes,Zn,clean,Y,Y,Y,,N,,,,,,,,,,,,,,,,
NAWXER_clean,9.09863,5.59872,6.09599,0.664973,2891.83,4348.79,0,0,0.734,1.1038,0,Zn,Yes,Zn,clean,Y,Y,Y,,N,,,,,,,,,,,,,,,,
NAXLII_clean,5.86925,5.28522,5.86925,1.2305,998.395,811.372,0,0,0.5042,0.409751,0,Zn,Yes,Zn,clean,Y,Y,Y,,N,,,,,,,,,,,,,,,,
nchem.2258-s3_clean,11.60468,9.32321,11.60031,0.548188,2435.64,4443.09,11.1166,20.2788,0.7802,1.42324,0,Zn,Yes,Zn,clean,Y,N,Y,,Y,IHABAW,Y,"	21/11/2014",10.1038/nchem.2258,"1 SI, 1 Structure",IHABAW,,,,,,,,,,
NEBNOZ_clean,6.01321,5.05928,6.00094,1.13873,1248.11,1096.06,0,0,0.5186,0.45542,0,Zn,Yes,Zn,clean,Y,Y,Y,,N,,,,,,,,,,,,,,,,
NERVAJ_clean,12.53445,5.46518,12.53445,1.01277,1389.34,1371.82,0,0,0.569,0.561827,0,Zn,Yes,Zn,clean,Y,Y,Y,,N,,,,,,,,,,,,,,,,
NIMXIS_clean,10.63837,6.01154,10.63837,1.05177,1918.06,1823.65,0,0,0.667,0.634168,0,Zn,Yes,Zn,clean,Y,Y,Y,,N,,,,,,,,,,,,,,,,
NUBBAP_clean,14.05418,6.66438,11.10621,0.762781,2298.42,3013.21,0,0,0.7708,1.01051,0,Zn,Yes,Zn,clean,Y,Y,Y,,N,,,,,,,,,,,,,,,,
NUDLAA_clean,10.10107,9.89769,10.10107,1.02317,1506.84,1472.72,0,0,0.6112,0.597362,0,Zn,Yes,Zn,clean,Y,Y,Y,,N,,,,,,,,,,,,,,,,
NUFBEX_clean,8.49623,5.29107,8.49623,1.23125,1460.16,1185.92,0,0,0.5628,0.457098,0,Zn,Yes,Zn,clean,Y,Y,Y,,N,,,,,,,,,,,,,,,,
NUFBUN_clean,7.53238,5.74054,7.52156,1.07363,1972.83,1837.54,0,0,0.6478,0.603375,0,Zn,Yes,Zn,clean,Y,Y,Y,,N,,,,,,,,,,,,,,,,
NUFCAU_clean,9.94144,7.33631,9.94144,0.845072,2116,2503.93,0,0,0.7364,0.871405,0,Zn,Yes,Zn,clean,N,Y,Y,,N,,,,,,,,,,,,,,,,
NUVXOT_clean,9.16707,5.75569,9.14121,0.884237,2287.82,2587.34,0,0,0.7176,0.811547,0,Zn,Yes,Zn,clean,Y,Y,Y,,N,,,,,,,,,,,,,,,,
OBAJAF_clean,9.08651,7.73882,9.08617,0.939446,1595.74,1698.6,0,0,0.6188,0.658686,0,Zn,Yes,Zn,clean,Y,Y,Y,,N,,,,,,,,,,,,,,,,
OBOGUK_clean,8.65239,7.8304,8.65239,0.77452,2430.14,3137.61,0,0,0.7298,0.942262,0,Zn,Yes,Zn,clean,Y,Y,Y,,N,,,,,,,,,,,,,,,,
ODIMAQ_clean,8.52073,7.26741,8.52073,1.44329,1085.87,752.358,0,0,0.5848,0.405186,0,"Zn,Sm",Yes,Zn,clean,Y,Y,Y,,N,,,,,,,,,,,,,,,,
ODIVUU_clean,8.59093,6.84892,8.59093,1.01269,1735.08,1713.33,0,0,0.6294,0.621511,0,Zn,Yes,Zn,clean,Y,Y,Y,,N,,,,,,,,,,,,,,,,
ODIXEG_clean,10.36031,7.47097,10.26209,0.552173,2299.01,4163.57,0,0,0.7816,1.4155,0,"Zn,Si",Yes,Zn,clean,Y,Y,Y,,N,,,,,,,,,,,,,,,,
ODODUI_clean,11.00214,7.6444,10.86092,0.618366,2208.53,3571.55,0,0,0.7646,1.23648,0,"Zn,Si",Yes,Zn,clean,Y,Y,Y,,N,,,,,,,,,,,,,,,,
ODUNEH_clean,6.66002,5.04848,6.62254,0.964914,2093.57,2169.69,0,0,0.6352,0.658297,0,Zn,Yes,Zn,clean,Y,Y,Y,,N,,,,,,,,,,,,,,,,
OJICEQ_charged,11.96892,11.06718,11.96892,0.836902,1379.64,1648.51,0,0,0.6404,0.765203,0,Zn,Yes,Zn,charged,Y,Y,Y,,N,,,,,,,,,,,,,,,,
OKUKOW_clean,10.73228,5.84434,10.36712,0.736536,2434.56,3305.42,0,0,0.7384,1.00253,0,Zn,Yes,Zn,clean,Y,Y,Y,,N,,,,,,,,,,,,,,,,
OLEKUM_manual,6.88265,5.7276,6.86806,1.02354,1835.21,1793,0,0,0.6172,0.603003,0,Zn,Yes,Zn,manual,Y,Y,Y,,N,,,,,,,,,,,,,,,,
OLOGEC_clean,13.04043,10.53518,13.0319,0.526318,2030.14,3857.25,0,0,0.8106,1.54013,0,Zn,Yes,Zn,clean,Y,Y,Y,,N,,,,,,,,,,,,,,,,
om701262m-file004_clean,7.38904,5.39567,7.38902,1.09901,1620.41,1474.43,0,0,0.5644,0.513555,0,"Zn,Si",Yes,Zn,clean,Y,N,Y,,Y,YOCGAZ,Y,18/01/2008,10.1021/om701262m,"1 SI, 1 Structure",YOCGAZ,,,,,,,,,,
OMUSAS_clean,18.71438,16.17316,18.71102,0.318003,1216.14,3824.31,0,0,0.8696,2.73457,0,Zn,Yes,Zn,clean,Y,Y,Y,,N,,,,,,,,,,,,,,,,
ONEYOW_clean,8.70869,7.89064,8.69934,0.794155,1863.49,2346.5,0,0,0.6608,0.83208,0,Zn,Yes,Zn,clean,Y,Y,Y,,N,,,,,,,,,,,,,,,,
OPOBIF_clean,6.22483,5.35278,6.22483,1.6905,347.831,205.756,0,0,0.3994,0.236261,0,Zn,Yes,Zn,clean,Y,Y,Y,,N,,,,,,,,,,,,,,,,
ORIVOC_clean,11.63735,10.86073,11.63667,1.22977,1588.45,1291.67,0,0,0.669,0.544005,0,Zn,Yes,Zn,clean,Y,Y,Y,,N,,,,,,,,,,,,,,,,
OSIKUX_clean_h,7.70472,6.98844,7.7017,1.09814,1952.99,1778.44,0.770215,0.701379,0.6478,0.589904,0,Zn,Yes,Zn,clean_h,N,Y,Y,,N,,,,,,,,,,,,,,,,
OTALUS_clean,12.67704,9.31362,12.67704,0.655199,1619.49,2471.76,0,0,0.7266,1.10898,0,Zn,Yes,Zn,clean,Y,Y,Y,,N,,,,,,,,,,,,,,,,
OTAWIR_clean,8.76686,5.54904,8.76285,0.758956,2118.77,2791.7,0,0,0.6858,0.90361,0,Zn,Yes,Zn,clean,Y,Y,Y,,N,,,,,,,,,,,,,,,,
OVICUS_clean,5.87924,5.2518,5.87924,1.52853,828.26,541.866,0,0,0.4388,0.287073,0,Zn,Yes,Zn,clean,Y,Y,Y,,N,,,,,,,,,,,,,,,,
OWAVIS_clean,9.58182,5.9765,9.29598,0.840674,2344.57,2788.91,0,0,0.7226,0.859548,0,Zn,Yes,Zn,clean,Y,Y,Y,,N,,,,,,,,,,,,,,,,
PATWOY_clean,7.80785,6.68696,7.80785,0.911859,1500.87,1645.94,0,0,0.5982,0.656023,0,Zn,Yes,Zn,clean,Y,Y,Y,,N,,,,,,,,,,,,,,,,
PEJPAX_charged,7.32167,6.47359,7.26969,0.938297,1670.88,1780.76,0,0,0.6272,0.668445,0,Zn,Yes,Zn,charged,Y,Y,Y,,N,,,,,,,,,,,,,,,,
PEPFAT_clean,10.91726,6.85852,7.70966,1.0029,2251.01,2244.49,0,0,0.6862,0.684214,0,Zn,Yes,Zn,clean,Y,Y,Y,,N,,,,,,,,,,,,,,,,
PIBNUK_clean,15.38411,14.18619,15.38378,0.422713,1393.02,3295.43,0,0,0.8378,1.98196,0,Zn,Yes,Zn,clean,Y,Y,Y,,N,,,,,,,,,,,,,,,,
PIBNUK01_clean,15.37191,14.18335,15.35887,0.42304,1389.84,3285.35,0,0,0.8366,1.97759,0,Zn,Yes,Zn,clean,Y,Y,Y,,N,,,,,,,,,,,,,,,,
PIBPAS01_clean,10.22467,9.87308,10.22467,0.904434,1674.99,1851.98,0,0,0.6484,0.716913,0,Zn,Yes,Zn,clean,Y,Y,Y,,N,,,,,,,,,,,,,,,,
PICTIG_clean,7.17773,5.19524,7.1746,0.956819,2131.67,2227.87,0,0,0.65,0.679334,0,Zn,Yes,Zn,clean,Y,Y,Y,,N,,,,,,,,,,,,,,,,
PIWSEV_clean,8.52736,7.61097,8.52736,0.846818,2044.34,2414.14,0,0,0.6702,0.791433,0,Zn,Yes,Zn,clean,Y,Y,Y,,N,,,,,,,,,,,,,,,,
POBVIN_clean,9.76079,6.4479,9.73092,0.869183,2049.78,2358.28,0,0,0.696,0.800752,0,"Zn,Mn",Yes,Zn,clean,Y,Y,Y,,N,,,,,,,,,,,,,,,,
PUGSER_clean,9.40538,8.82837,9.39896,0.800645,2377.49,2969.47,0,0,0.7256,0.906269,0,Zn,Yes,Zn,clean,Y,Y,Y,,N,,,,,,,,,,,,,,,,
PUGSOB_clean,9.50607,8.86576,9.50607,0.864037,2169.58,2510.98,0,0,0.6944,0.803669,0,Zn,Yes,Zn,clean,Y,Y,Y,,N,,,,,,,,,,,,,,,,
PUGSUH_clean,9.30915,8.71365,9.30507,0.821567,2358.23,2870.4,0,0,0.708,0.861767,0,Zn,Yes,Zn,clean,Y,Y,Y,,N,,,,,,,,,,,,,,,,
PUQXUV_clean,5.37589,5.08075,5.29758,1.50363,233.241,155.118,324.657,215.915,0.4578,0.304462,0,Zn,Yes,Zn,clean,Y,Y,Y,,N,,,,,,,,,,,,,,,,
PUQYAC_clean,5.36415,5.07421,5.36415,1.50028,235.559,157.01,320.725,213.777,0.4614,0.307543,0,Zn,Yes,Zn,clean,Y,Y,Y,,N,,,,,,,,,,,,,,,,
PURJES_clean,6.1741,5.21501,6.1741,1.07844,1412.21,1309.49,0,0,0.5678,0.526503,0,Zn,Yes,Zn,clean,Y,Y,Y,,N,,,,,,,,,,,,,,,,
PURJIW_clean,8.03037,6.16762,8.02661,0.894418,1849.84,2068.21,0,0,0.6498,0.726506,0,Zn,Yes,Zn,clean,Y,Y,Y,,N,,,,,,,,,,,,,,,,
PUWDIU_clean,8.22754,6.95777,8.22754,1.0931,2055.27,1880.23,0,0,0.6384,0.584028,0,Zn,Yes,Zn,clean,Y,Y,Y,,N,,,,,,,,,,,,,,,,
PUWDOA_clean,10.50578,8.82117,10.50578,0.768678,1898.43,2469.74,0,0,0.689,0.896344,0,Zn,Yes,Zn,clean,Y,Y,Y,,N,,,,,,,,,,,,,,,,
QIHXIQ_clean,9.72743,8.74819,9.72743,0.867164,1773.91,2045.64,0,0,0.6572,0.757873,0,Zn,Yes,Zn,clean,Y,Y,Y,,N,,,,,,,,,,,,,,,,
QOSXOM_clean,11.03802,8.53557,11.03802,1.03996,1270.59,1221.78,36.3048,34.91,0.5972,0.574255,0,Zn,Yes,Zn,clean,Y,Y,Y,,N,,,,,,,,,,,,,,,,
QUDGED_clean,9.12367,7.3846,9.12367,0.60089,2399.82,3993.78,0,0,0.7754,1.29042,0,Zn,Yes,Zn,clean,Y,Y,Y,,N,,,,,,,,,,,,,,,,
QUQFIS_clean,7.94677,5.42884,7.94677,0.862455,2489.26,2886.25,0,0,0.7028,0.814884,0,Zn,Yes,Zn,clean,Y,Y,Y,,N,,,,,,,,,,,,,,,,
QUQWOQ_clean,10.06165,6.49649,10.06165,0.726621,2197.25,3023.92,0,0,0.7314,1.00658,0,Zn,Yes,Zn,clean,Y,Y,Y,,N,,,,,,,,,,,,,,,,
QUQWUW_clean,9.102,7.19033,9.102,0.965103,1741.04,1804,0,0,0.668,0.692154,0,Zn,Yes,Zn,clean,Y,Y,Y,,N,,,,,,,,,,,,,,,,
QUSBIP_clean,10.66909,7.4091,8.27581,0.565023,2406.95,4259.92,0,0,0.764,1.35216,0,Zn,Yes,Zn,clean,Y,Y,Y,,N,,,,,,,,,,,,,,,,
RACHUA_clean,10.9643,9.26908,10.9643,0.761133,2031.27,2668.75,0,0,0.7024,0.922834,0,Zn,Yes,Zn,clean,Y,Y,Y,,N,,,,,,,,,,,,,,,,
RAHBUZ_clean,6.80616,5.48586,6.79539,1.14478,1985.3,1734.22,0,0,0.6386,0.557835,0,Zn,Yes,Zn,clean,N,Y,Y,,N,,,,,,,,,,,,,,,,
RAKDAJ_clean,8.45824,7.8928,8.45069,1.20511,2057.23,1707.09,0,0,0.6724,0.557956,0,Zn,Yes,Zn,clean,Y,Y,Y,,N,,,,,,,,,,,,,,,,
RAPYUE_clean,8.10283,5.74584,7.78942,0.857006,2630.83,3069.79,0,0,0.7212,0.841534,0,Zn,Yes,Zn,clean,Y,Y,Y,,N,,,,,,,,,,,,,,,,
RAVWUI_clean,36.78756,36.43313,36.78756,0.334728,1010.86,3019.95,0,0,0.8506,2.54117,0,Zn,Yes,Zn,clean,Y,Y,Y,,N,,,,,,,,,,,,,,,,
RAYKIN_clean,9.49471,7.12348,9.49471,1.03474,1089.85,1053.26,0,0,0.5584,0.539655,0,Zn,Yes,Zn,clean,Y,Y,Y,,N,,,,,,,,,,,,,,,,
RAYLAG_clean,8.06325,5.70271,8.06325,1.05948,1118.14,1055.37,0,0,0.5424,0.511951,0,Zn,Yes,Zn,clean,Y,Y,Y,,N,,,,,,,,,,,,,,,,
RAYLOU_clean,6.83933,5.19617,6.83933,1.09861,1246.82,1134.91,0,0,0.5274,0.480063,0,Zn,Yes,Zn,clean,Y,Y,Y,,N,,,,,,,,,,,,,,,,
REFTON_SL,6.52014,5.78584,6.51985,1.60919,731.041,454.292,0,0,0.4398,0.273306,0,"Cd,Zn",Yes,Zn,SL,Y,Y,Y,,N,,,,,,,,,,,,,,,,
REFTUT_clean,6.62287,5.81813,6.60232,1.44048,711.488,493.924,0,0,0.4434,0.307814,0,"Ca,Zn",Yes,Zn,clean,Y,Y,Y,,N,,,,,,,,,,,,,,,,
REGQUR_clean,6.37556,5.47534,6.06532,1.03259,2464.11,2386.34,0,0,0.6836,0.662025,0,Zn,Yes,Zn,clean,Y,Y,Y,,N,,,,,,,,,,,,,,,,
REGRAY_clean,9.45537,5.54963,9.26082,0.925798,2318.33,2504.14,0,0,0.7126,0.769715,0,Zn,Yes,Zn,clean,Y,Y,Y,,N,,,,,,,,,,,,,,,,
REGREC_clean,7.78665,6.48187,7.78665,0.899667,2411.03,2679.92,0,0,0.7204,0.800741,0,Zn,Yes,Zn,clean,Y,Y,Y,,N,,,,,,,,,,,,,,,,
REGRIG_clean,9.2158,6.6287,9.19553,0.813635,2298.6,2825.1,0,0,0.7402,0.909744,0,Zn,Yes,Zn,clean,Y,Y,Y,,N,,,,,,,,,,,,,,,,
REXFAD_clean,8.37909,6.69323,8.37909,1.32806,1739.82,1310.04,0,0,0.6402,0.482057,0,Zn,Yes,Zn,clean,Y,Y,Y,,N,,,,,,,,,,,,,,,,
REXFIL_clean,8.77344,5.77864,8.77344,1.35848,1719.23,1265.56,0,0,0.6372,0.469054,0,Zn,Yes,Zn,clean,Y,Y,Y,,N,,,,,,,,,,,,,,,,
REYPES_clean,6.75417,5.73604,6.69554,1.53002,424.431,277.402,27.8439,18.1983,0.422,0.275813,0,Zn,Yes,Zn,clean,Y,Y,Y,,N,,,,,,,,,,,,,,,,
RIFDUG01_clean,13.00544,6.82625,13.00544,0.86753,2060.89,2375.58,0,0,0.7198,0.829712,0,Zn,Yes,Zn,clean,Y,Y,Y,,N,,,,,,,,,,,,,,,,
RIYBOS_clean,8.27117,7.50835,8.18647,1.23809,2073.81,1675,0,0,0.6628,0.535339,0,Zn,Yes,Zn,clean,Y,Y,Y,,N,,,,,,,,,,,,,,,,
RUBDUP_clean,21.09518,19.24681,20.98484,0.298857,1270.61,4251.56,0,0,0.868,2.9044,0,Zn,Yes,Zn,clean,Y,Y,Y,,N,,,,,,,,,,,,,,,,
RUGKOV_clean,6.88401,5.43231,6.88401,0.929347,2753.28,2962.6,0,0,0.6968,0.749773,0,Zn,Yes,Zn,clean,Y,Y,Y,,N,,,,,,,,,,,,,,,,
RUGZAW_clean,9.17489,7.98957,9.06653,0.92991,1617.71,1739.64,0,0,0.6164,0.66286,0,Zn,Yes,Zn,clean,Y,Y,Y,,N,,,,,,,,,,,,,,,,
SACDOR_clean,8.1061,7.63768,8.07477,1.2392,2030.48,1638.54,0,0,0.6692,0.540025,0,Zn,Yes,Zn,clean,Y,Y,Y,,N,,,,,,,,,,,,,,,,
SACDUX_clean,8.2086,7.59473,8.16471,1.22736,2043.72,1665.13,0,0,0.6568,0.535131,0,Zn,Yes,Zn,clean,Y,Y,Y,,N,,,,,,,,,,,,,,,,
SAHXAD_clean,7.24131,5.09073,7.23502,0.88875,2564.25,2885.23,0,0,0.6954,0.782447,0,Zn,Yes,Zn,clean,N,Y,Y,,N,,,,,,,,,,,,,,,,
SAKRAZ_clean,5.58245,5.12904,5.58245,1.03675,2394.2,2309.33,0,0,0.6546,0.631396,0,Zn,Yes,Zn,clean,Y,Y,Y,,N,,,,,,,,,,,,,,,,
SAKRED_clean,5.5169,5.02553,5.5169,1.03225,2416.65,2341.14,0,0,0.6696,0.648678,0,Zn,Yes,Zn,clean,Y,Y,Y,,N,,,,,,,,,,,,,,,,
SEFBOV_clean,5.65834,5.15011,5.64688,1.02534,2480.47,2419.17,0,0,0.6702,0.653638,0,Zn,Yes,Zn,clean,Y,Y,Y,,N,,,,,,,,,,,,,,,,
SERCEZ_clean,10.07441,8.56931,10.07441,0.708098,2363.51,3337.82,0,0,0.7424,1.04844,0,Zn,Yes,Zn,clean,Y,Y,Y,,N,,,,,,,,,,,,,,,,
SIVGUB_clean,8.31266,6.47199,8.20556,0.679186,2443.34,3597.46,0,0,0.7546,1.11104,0,Zn,Yes,Zn,clean,N,Y,Y,,N,,,,,,,,,,,,,,,,
SIZPUN_clean,19.22538,6.71018,19.22499,0.693763,2153.01,3103.37,0,0,0.757,1.09115,0,Zn,Yes,Zn,clean,Y,Y,Y,,N,,,,,,,,,,,,,,,,
SOPLAM_clean,7.99336,6.43639,7.96868,0.786263,2208.41,2808.75,0,0,0.6702,0.852386,0,Zn,Yes,Zn,clean,N,Y,Y,,N,,,,,,,,,,,,,,,,
SOPLOA_clean,8.29809,6.85068,8.29809,0.790491,2059.77,2605.68,0,0,0.6598,0.834671,0,Zn,Yes,Zn,clean,Y,Y,Y,,N,,,,,,,,,,,,,,,,
SUHBAA_clean,11.92534,10.15941,10.7957,0.715863,1973.75,2757.16,0,0,0.807,1.12731,0.000279383,Zn,Yes,Zn,clean,N,Y,Y,,N,,,,,,,,,,,,,,,,
TADWEC_manual,12.9835,12.22348,12.9835,0.782876,1609.55,2055.94,0,0,0.6462,0.825418,0,Zn,Yes,Zn,manual,Y,Y,Y,,N,,,,,,,,,,,,,,,,
TADWIG_manual,12.20204,12.01283,12.20204,0.782648,1673.73,2138.55,0,0,0.6702,0.856323,0,Zn,Yes,Zn,manual,Y,Y,Y,,N,,,,,,,,,,,,,,,,
TASFAU_clean,11.93851,7.45098,11.93851,0.561345,2465.98,4393,0,0,0.7892,1.40591,0,Zn,Yes,Zn,clean,N,Y,Y,,N,,,,,,,,,,,,,,,,
TASZAQ_charged,12.48204,11.20672,12.48204,0.609743,1448.73,2375.98,226.842,372.029,0.73,1.19723,0,Zn,Yes,Zn,charged,N,Y,Y,,N,,,,,,,,,,,,,,,,
TATPOV_clean,8.94506,6.39643,8.9366,0.932619,2044.77,2192.51,0,0,0.6812,0.730416,0,Zn,Yes,Zn,clean,Y,Y,Y,,N,,,,,,,,,,,,,,,,
TAWYUO_clean,7.27421,6.44823,7.26586,0.918654,1410.21,1535.08,0,0,0.5716,0.622215,0,Zn,Yes,Zn,clean,N,Y,Y,,N,,,,,,,,,,,,,,,,
TETZEZ_clean,10.62365,6.73057,10.03707,0.736025,1901.4,2583.34,0,0,0.6844,0.92986,0,Zn,Yes,Zn,clean,Y,Y,Y,,N,,,,,,,,,,,,,,,,
TIRQOB_clean,6.9378,5.1125,6.91934,1.1916,1497.46,1256.68,0,0,0.5672,0.475998,0,Zn,Yes,Zn,clean,Y,Y,Y,,N,,,,,,,,,,,,,,,,
TONQOD_clean,8.4438,5.40906,5.91266,0.731873,2982.91,4075.73,0,0,0.7088,0.968474,0,Zn,Yes,Zn,clean,Y,Y,Y,,N,,,,,,,,,,,,,,,,
TOWXEK_clean,6.06928,5.16457,6.05534,0.997154,1436.69,1440.79,3.8223,3.83321,0.5782,0.57985,0,Zn,Yes,Zn,clean,Y,Y,Y,,N,,,,,,,,,,,,,,,,
TOXHEV_clean,5.62501,5.12266,5.62332,1.0421,1433.18,1375.28,0,0,0.5534,0.531046,0,"Zn,Fe",Yes,Zn,clean,Y,Y,Y,,N,,,,,,,,,,,,,,,,
UBIBUF_clean,11.65323,7.63405,11.12586,0.757644,2339.26,3087.55,0,0,0.745,0.983311,0,Zn,Yes,Zn,clean,N,Y,Y,,N,,,,,,,,,,,,,,,,
UBULIO_SL,24.23226,22.89921,24.21499,0.438068,1818.16,4150.4,0,0,0.8258,1.8851,0,Zn,Yes,Zn,SL,Y,Y,Y,,N,,,,,,,,,,,,,,,,
UBULUA_clean,8.25861,7.55924,8.25861,1.22262,2063.77,1688,0,0,0.67,0.548005,0,Zn,Yes,Zn,clean,Y,Y,Y,,N,,,,,,,,,,,,,,,,
UBUMAH_clean,7.09336,6.41082,6.96082,0.845931,2610.44,3085.88,0,0,0.7132,0.843094,0,Zn,Yes,Zn,clean,Y,Y,Y,,N,,,,,,,,,,,,,,,,
UCOJAZ_clean,8.09472,7.35206,8.09472,1.24694,2013.79,1614.99,0,0,0.6576,0.527372,0,Zn,Yes,Zn,clean,Y,Y,Y,,N,,,,,,,,,,,,,,,,
UCUTIW_clean,6.35635,5.83008,6.34586,1.00359,1563.59,1558,0,0,0.6334,0.631134,0,Zn,Yes,Zn,clean,N,Y,Y,,N,,,,,,,,,,,,,,,,
UFENAW_clean,7.28617,5.35852,7.10503,0.754992,3088.35,4090.58,0,0,0.7422,0.983057,0,Zn,Yes,Zn,clean,N,Y,Y,,N,,,,,,,,,,,,,,,,
UHUPET_clean,13.55212,8.93511,12.0856,0.540431,2097.88,3881.87,0,0,0.7682,1.42146,0,Zn,Yes,Zn,clean,Y,Y,Y,,N,,,,,,,,,,,,,,,,
UJAQUS_clean,7.15939,6.10118,7.07981,0.989707,2008.92,2029.81,0,0,0.6442,0.6509,0,Zn,Yes,Zn,clean,N,Y,Y,,N,,,,,,,,,,,,,,,,
UJUPUM_clean,6.77742,5.67068,6.76869,0.861722,2505.7,2907.78,0,0,0.7082,0.821843,0,Zn,Yes,Zn,clean,N,Y,Y,,N,,,,,,,,,,,,,,,,
UMOKIS_clean,10.47066,8.24292,10.42077,0.843112,1761.07,2088.78,0,0,0.6618,0.784949,0,Zn,Yes,Zn,clean,N,Y,Y,,N,,,,,,,,,,,,,,,,
UNAGOH_clean,6.96079,6.02919,6.95596,0.981792,1984.33,2021.13,0,0,0.6686,0.681,0,Zn,Yes,Zn,clean,N,Y,Y,,N,,,,,,,,,,,,,,,,
UNAGUN_clean,6.99295,6.04603,6.99295,0.980411,1997.43,2037.34,0,0,0.6572,0.670331,0,Zn,Yes,Zn,clean,N,Y,Y,,N,,,,,,,,,,,,,,,,
URENEM_clean,8.53899,7.85329,8.41522,0.74811,2058.38,2751.44,0,0,0.7178,0.959485,0,Zn,Yes,Zn,clean,N,Y,Y,,N,,,,,,,,,,,,,,,,
USORUR_clean,6.75938,5.44409,6.68952,0.77718,2490.53,3204.57,0,0,0.705,0.907126,0,Zn,Yes,Zn,clean,N,Y,Y,,N,,,,,,,,,,,,,,,,
VAGMAT_clean,14.92091,13.26042,14.92091,0.364732,1875.05,5140.9,0,0,0.86,2.3579,0,Zn,Yes,Zn,clean,Y,Y,Y,,N,,,,,,,,,,,,,,,,
VAGMEX_clean,15.28058,14.48863,15.28058,0.352218,1827.73,5189.2,0,0,0.863,2.45019,0,Zn,Yes,Zn,clean,Y,Y,Y,,N,,,,,,,,,,,,,,,,
VANHEA_clean,8.56369,6.00066,8.56369,0.853114,2214.19,2595.42,0,0,0.6496,0.761445,0,Zn,Yes,Zn,clean,N,Y,Y,,N,,,,,,,,,,,,,,,,
VEGMOK_charged,6.79283,5.1354,6.73097,1.12265,1250.57,1113.94,0,0,0.5382,0.4794,0,Zn,Yes,Zn,charged,N,Y,Y,,N,,,,,,,,,,,,,,,,
VEGMOK01_charged,6.84998,5.14759,6.84391,1.11831,1269.11,1134.84,0,0,0.5472,0.489309,0,Zn,Yes,Zn,charged,N,Y,Y,,N,,,,,,,,,,,,,,,,
VEGMOK02_charged,6.86758,5.14075,6.81406,1.11182,1275.45,1147.17,0,0,0.5514,0.495942,0,Zn,Yes,Zn,charged,N,Y,Y,,N,,,,,,,,,,,,,,,,
VEGMOK03_charged,6.89118,5.16192,6.87746,1.10372,1282.03,1161.55,0,0,0.5556,0.503387,0,Zn,Yes,Zn,charged,N,Y,Y,,N,,,,,,,,,,,,,,,,
VEGMOK04_charged,6.87389,5.12762,6.8483,1.11455,1264.09,1134.17,0,0,0.5514,0.494728,0,Zn,Yes,Zn,charged,N,Y,Y,,N,,,,,,,,,,,,,,,,
VEHJID01_clean,8.78437,6.6937,8.25223,0.765372,2471.66,3229.36,0,0,0.7812,1.02068,0,Zn,Yes,Zn,clean,N,Y,Y,,N,,,,,,,,,,,,,,,,
VEHJOJ_clean,14.09924,6.85678,11.19448,0.748313,2267.56,3030.24,0,0,0.7708,1.03005,0,Zn,Yes,Zn,clean,Y,Y,Y,,N,,,,,,,,,,,,,,,,
VEHJUP_clean,14.28068,6.83408,11.22906,0.743695,2268.42,3050.2,0,0,0.7746,1.04156,0,Zn,Yes,Zn,clean,Y,Y,Y,,N,,,,,,,,,,,,,,,,
VEHKOK_charged,6.40877,5.06856,6.40877,1.19713,1684.43,1407.06,0,0,0.5998,0.501033,0,Zn,Yes,Zn,charged,N,Y,Y,,N,,,,,,,,,,,,,,,,
VEJHEZ_clean,15.05768,6.22214,9.48846,0.685711,2179.67,3178.7,0,0,0.7706,1.1238,0,Zn,Yes,Zn,clean,Y,Y,Y,,N,,,,,,,,,,,,,,,,
VEMMAC_clean,7.0981,6.10195,7.04022,0.882251,2276.97,2580.86,0,0,0.6758,0.765995,0,Zn,Yes,Zn,clean,Y,Y,Y,,N,,,,,,,,,,,,,,,,
VOJGOS_clean,6.19077,5.31352,6.18884,0.976178,2056.2,2106.38,0,0,0.6384,0.653979,0,Zn,Yes,Zn,clean,N,Y,Y,,N,,,,,,,,,,,,,,,,
VOLPET_clean,9.30216,6.24705,9.30149,0.741977,2463.48,3320.15,0,0,0.7498,1.01054,0,Zn,Yes,Zn,clean,N,Y,Y,,N,,,,,,,,,,,,,,,,
VOLQOD_clean,11.11495,8.75374,11.11495,0.70291,1891.75,2691.32,0,0,0.7388,1.05106,0,Zn,Yes,Zn,clean,Y,Y,Y,,N,,,,,,,,,,,,,,,,
VONCIM_clean,9.77811,8.65057,9.76354,1.43585,1122.84,782.003,80.8916,56.3372,0.5904,0.411186,0,Zn,Yes,Zn,clean,N,Y,Y,,N,,,,,,,,,,,,,,,,
VONCOS_clean,10.3381,9.26479,10.3381,1.24231,1086.56,874.625,129.189,103.991,0.6084,0.489732,0,Zn,Yes,Zn,clean,N,Y,Y,,N,,,,,,,,,,,,,,,,
VOZVIR01_clean,8.9147,5.57973,8.87661,1.34608,1682.46,1249.9,0,0,0.6346,0.471444,0,Zn,Yes,Zn,clean,N,Y,Y,,N,,,,,,,,,,,,,,,,
VUJBEI_clean,18.44776,6.57566,18.44776,0.562611,2173.89,3863.94,0,0,0.7874,1.39955,0,Zn,Yes,Zn,clean,Y,Y,Y,,N,,,,,,,,,,,,,,,,
WAFKAQ_clean,8.03491,5.51639,8.03491,0.911443,2137.62,2345.31,0,0,0.6604,0.724566,0,Zn,Yes,Zn,clean,Y,Y,Y,,N,,,,,,,,,,,,,,,,
WAQFIG_clean,8.54706,6.43178,8.54706,0.665022,2729.5,4104.38,0,0,0.7646,1.14974,0,Zn,Yes,Zn,clean,N,Y,Y,,N,,,,,,,,,,,,,,,,
WAQTEQ_clean,11.92108,6.99954,11.92108,0.79488,2039.53,2565.84,0,0,0.7422,0.933726,0,Zn,Yes,Zn,clean,N,Y,Y,,N,,,,,,,,,,,,,,,,
WAWGOQ_clean,10.46531,7.24737,10.06993,0.692819,2068.45,2985.55,0,0,0.7192,1.03808,0,Zn,Yes,Zn,clean,Y,Y,Y,,N,,,,,,,,,,,,,,,,
WEHHEY_clean,10.71326,6.70339,10.52268,0.819904,2131.67,2599.9,0,0,0.7068,0.862052,0,Zn,Yes,Zn,clean,Y,Y,Y,,N,,,,,,,,,,,,,,,,
WEHHIC_clean,10.89625,6.78698,10.2645,0.812812,2126.87,2616.68,0,0,0.7052,0.867605,0,Zn,Yes,Zn,clean,Y,Y,Y,,N,,,,,,,,,,,,,,,,
WEHHOI_clean,10.711,6.72932,10.68633,0.81633,2148.04,2631.34,0,0,0.7146,0.875382,0,Zn,Yes,Zn,clean,Y,Y,Y,,N,,,,,,,,,,,,,,,,
WEHHUO_clean,10.86494,6.69089,10.846,0.80874,2143.96,2650.98,0,0,0.7268,0.898682,0,Zn,Yes,Zn,clean,Y,Y,Y,,N,,,,,,,,,,,,,,,,
WEHJAW_clean,11.37189,6.87066,11.36953,0.813465,2137.05,2627.1,0,0,0.727,0.893708,0,Zn,Yes,Zn,clean,Y,Y,Y,,N,,,,,,,,,,,,,,,,
WEHJEA_clean,11.11094,5.77138,11.07598,0.73357,2315.41,3156.35,0,0,0.7568,1.03167,0,Zn,Yes,Zn,clean,Y,Y,Y,,N,,,,,,,,,,,,,,,,
WEHJIE_clean,11.03891,6.32706,11.01433,0.80868,2264.04,2799.67,0,0,0.7142,0.883167,0,Zn,Yes,Zn,clean,Y,Y,Y,,N,,,,,,,,,,,,,,,,
WEHJOK_clean,11.74533,5.64839,11.7384,0.778372,2312.59,2971.06,0,0,0.736,0.945563,0,Zn,Yes,Zn,clean,Y,Y,Y,,N,,,,,,,,,,,,,,,,
WEHJUQ_clean,11.40663,8.63285,11.3324,0.700785,2325.03,3317.76,0,0,0.7666,1.09392,0,Zn,Yes,Zn,clean,Y,Y,Y,,N,,,,,,,,,,,,,,,,
WIBSAD_clean,9.62612,6.21746,9.61657,0.927119,1704.27,1838.25,6.32101,6.81791,0.6464,0.697214,0,"Zn,Fe",Yes,Zn,clean,Y,Y,Y,,N,,,,,,,,,,,,,,,,
WIJXEU_clean,10.21317,6.80397,9.6529,0.728441,2006.16,2754.05,0,0,0.7122,0.977705,0,Zn,Yes,Zn,clean,N,Y,Y,,N,,,,,,,,,,,,,,,,
WIJXIY_clean,14.24395,11.55698,14.23198,0.475086,1730.44,3642.38,0,0,0.8226,1.73148,0,Zn,Yes,Zn,clean,N,Y,Y,,N,,,,,,,,,,,,,,,,
WIRKOZ_clean,17.38546,6.83963,17.38546,0.742862,1607.16,2163.48,0,0,0.6666,0.897341,0,Zn,Yes,Zn,clean,N,Y,Y,,N,,,,,,,,,,,,,,,,
WIRMOB_clean,8.09669,7.0815,8.09669,0.92351,1288.54,1395.26,130.958,141.805,0.578,0.625873,0,Zn,Yes,Zn,clean,N,Y,Y,,N,,,,,,,,,,,,,,,,
WITKIV_clean,20.46084,11.48372,20.46084,0.586943,1702.14,2900.02,0,0,0.7774,1.32449,0,Zn,Yes,Zn,clean,Y,Y,Y,,N,,,,,,,,,,,,,,,,
WIYFAM_clean,9.09166,6.13483,9.09166,0.794129,2337.82,2943.87,0,0,0.7296,0.918742,0,Zn,Yes,Zn,clean,Y,Y,Y,,N,,,,,,,,,,,,,,,,
WIZDEP_clean,11.388,10.51295,11.388,1.29023,1549.54,1200.97,0,0,0.6408,0.496654,0,Zn,Yes,Zn,clean,Y,Y,Y,,N,,,,,,,,,,,,,,,,
WOBHEB_clean,11.82299,11.04159,11.82299,1.21909,1551.12,1272.35,0,0,0.6516,0.534496,0,Zn,Yes,Zn,clean,Y,Y,Y,,N,,,,,,,,,,,,,,,,
WOBHEB01_clean,11.39724,10.6155,11.39724,1.22811,1590.58,1295.14,0,0,0.6596,0.537083,0,Zn,Yes,Zn,clean,Y,Y,Y,,N,,,,,,,,,,,,,,,,
WOBHOL_clean,11.68121,10.84815,11.68121,1.21577,1583.43,1302.41,0,0,0.6636,0.545826,0,Zn,Yes,Zn,clean,Y,Y,Y,,N,,,,,,,,,,,,,,,,
WOBHOM_clean,5.74395,5.29156,5.74395,1.06237,2263.33,2130.44,0,0,0.6418,0.604119,0,Zn,Yes,Zn,clean,N,Y,Y,,N,,,,,,,,,,,,,,,,
WORKOF_clean,9.81174,6.0117,9.81174,0.930964,2043.98,2195.55,1.24552,1.33788,0.6752,0.725269,0,Zn,Yes,Zn,clean,Y,Y,Y,,N,,,,,,,,,,,,,,,,
WORKUL_clean,8.46756,5.64741,8.46756,0.942685,2103.28,2231.16,0,0,0.6726,0.713494,0,Zn,Yes,Zn,clean,Y,Y,Y,,N,,,,,,,,,,,,,,,,
WORLAS_clean,9.28052,5.47786,6.88618,0.953453,2042.04,2141.73,5.77107,6.05281,0.6674,0.699982,0,Zn,Yes,Zn,clean,Y,Y,Y,,N,,,,,,,,,,,,,,,,
WOYHUP_clean,12.04583,5.92239,11.92324,0.785656,2290.99,2916.02,0,0,0.7288,0.927633,0,Zn,Yes,Zn,clean,N,Y,Y,,N,,,,,,,,,,,,,,,,
WOYJAX_clean,12.27463,5.80964,12.27345,0.829543,2229.7,2687.86,0,0,0.7142,0.860956,0,Zn,Yes,Zn,clean,N,Y,Y,,N,,,,,,,,,,,,,,,,
WOYJEB_clean,12.32799,5.95231,12.30286,0.80227,2262.64,2820.29,0,0,0.7248,0.903436,0,Zn,Yes,Zn,clean,N,Y,Y,,N,,,,,,,,,,,,,,,,
WUGQAS_clean,11.44556,6.40417,11.33705,0.730607,2384.2,3263.31,0,0,0.7356,1.00683,0,Zn,Yes,Zn,clean,N,Y,Y,,N,,,,,,,,,,,,,,,,
WULQUR_clean,7.08547,5.79444,7.06039,0.976074,2045.35,2095.49,0,0,0.6658,0.682121,0,Zn,Yes,Zn,clean,N,Y,Y,,N,,,,,,,,,,,,,,,,
WUYYOG_clean,8.73316,6.23369,8.71341,0.740492,2050.34,2768.88,0,0,0.675,0.911557,0,Zn,Yes,Zn,clean,N,Y,Y,,N,,,,,,,,,,,,,,,,
XAFFAN_clean,14.91316,13.24304,14.91316,0.365184,1896.05,5192.05,0,0,0.8544,2.33964,0,Zn,Yes,Zn,clean,Y,Y,Y,,N,,,,,,,,,,,,,,,,
XAFFER_clean,14.21921,13.28886,14.21921,0.359874,1854.43,5152.99,0,0,0.8504,2.36305,0,Zn,Yes,Zn,clean,Y,Y,Y,,N,,,,,,,,,,,,,,,,
XALDAS_clean,11.1437,9.04409,11.1437,0.650684,2284.21,3510.47,0,0,0.7594,1.16708,0,Zn,Yes,Zn,clean,N,Y,Y,,N,,,,,,,,,,,,,,,,
XASPEP_clean,8.21663,6.97386,8.21491,1.11162,2036.98,1832.45,0,0,0.6426,0.578078,0,Zn,Yes,Zn,clean,N,Y,Y,,N,,,,,,,,,,,,,,,,
XATZOK_clean,8.52599,5.82023,8.33095,0.788781,2129.05,2699.16,0,0,0.69,0.874767,0,Zn,Yes,Zn,clean,N,Y,Y,,N,,,,,,,,,,,,,,,,
XATZUQ_clean,7.56959,6.44554,7.50387,0.891969,1666.54,1868.38,0,0,0.6382,0.715495,0,Zn,Yes,Zn,clean,N,Y,Y,,N,,,,,,,,,,,,,,,,
XEDPUT_clean,12.14022,5.32775,12.13484,1.5096,998.115,661.177,50.3608,33.3603,0.5416,0.35877,0,Zn,Yes,Zn,clean,N,Y,Y,,N,,,,,,,,,,,,,,,,
XEXLIX_clean,7.04809,6.65056,7.03557,1.241,1207.66,973.134,0,0,0.527,0.424658,0,Zn,Yes,Zn,clean,Y,Y,Y,,N,,,,,,,,,,,,,,,,
XEXLOD_clean,7.18877,6.831,7.15894,1.17716,1370.68,1164.39,0,0,0.5458,0.463657,0,Zn,Yes,Zn,clean,Y,Y,Y,,N,,,,,,,,,,,,,,,,
XEXLUJ_clean,8.72919,8.14175,8.68787,1.12133,1390.1,1239.69,0,0,0.5646,0.50351,0,Zn,Yes,Zn,clean,Y,Y,Y,,N,,,,,,,,,,,,,,,,
XEXMAQ_clean,8.3881,8.06353,8.36842,1.12082,1406.28,1254.68,0,0,0.5662,0.505164,0,Zn,Yes,Zn,clean,N,Y,Y,,N,,,,,,,,,,,,,,,,
XEXMEU_clean,9.62722,8.85338,9.62722,1.05458,1424.32,1350.6,0,0,0.595,0.564206,0,Zn,Yes,Zn,clean,Y,Y,Y,,N,,,,,,,,,,,,,,,,
XIWLAQ_clean,6.60663,5.9994,6.60453,2.29175,1025.32,447.396,0,0,0.5236,0.228472,0,Zn,Yes,Zn,clean,N,Y,Y,,N,,,,,,,,,,,,,,,,
XOVQEF_SL,13.73802,11.42638,13.39901,0.433642,2002.7,4618.32,0,0,0.8224,1.89649,0,Zn,Yes,Zn,SL,Y,Y,Y,,N,,,,,,,,,,,,,,,,
XOVVOU_clean,6.57595,5.59779,6.5535,1.07267,2264.54,2111.12,0,0,0.6676,0.622371,0,Zn,Yes,Zn,clean,Y,Y,Y,,N,,,,,,,,,,,,,,,,
XOXMED_clean,15.20268,12.48764,14.68508,0.499,1903.11,3813.84,0,0,0.7876,1.57836,0,Zn,Yes,Zn,clean,Y,Y,Y,,N,,,,,,,,,,,,,,,,
XUFWOM_clean,9.12848,8.18722,9.12848,0.813283,1954.3,2402.97,0,0,0.7082,0.870792,0,Zn,Yes,Zn,clean,N,Y,Y,,N,,,,,,,,,,,,,,,,
XUGSEY_clean,7.45351,5.81909,7.11831,0.709523,2586.66,3645.63,0,0,0.7068,0.996162,0,Zn,Yes,Zn,clean,Y,Y,Y,,N,,,,,,,,,,,,,,,,
XUKNIC_clean,6.71193,5.19255,6.7113,1.00366,2512.55,2503.38,0,0,0.6472,0.644838,0,Zn,Yes,Zn,clean,N,Y,Y,,N,,,,,,,,,,,,,,,,
XUVHEB_clean,6.21978,5.41115,6.21978,1.07724,1379.45,1280.54,0,0,0.5818,0.540085,0,Zn,Yes,Zn,clean,Y,Y,Y,,N,,,,,,,,,,,,,,,,
YAPLIM_clean,8.749,6.77808,8.749,0.964207,1741.38,1806.02,6.02633,6.25004,0.65,0.674129,0,Zn,Yes,Zn,clean,Y,Y,Y,,N,,,,,,,,,,,,,,,,
YARGAB_clean,10.70302,9.67182,10.70302,0.961173,1387.15,1443.19,0,0,0.6238,0.648999,0,Zn,Yes,Zn,clean,Y,Y,Y,,N,,,,,,,,,,,,,,,,
YATDUV_clean,9.16363,5.74685,9.12289,0.890102,2297.06,2580.67,0,0,0.7262,0.815861,0,Zn,Yes,Zn,clean,N,Y,Y,,N,,,,,,,,,,,,,,,,
YAWBAC_clean,10.4496,5.49019,10.26922,0.855998,1928.74,2253.21,0,0,0.6638,0.775469,0,Zn,Yes,Zn,clean,N,Y,Y,,N,,,,,,,,,,,,,,,,
YEKXET_clean,6.4533,5.02363,5.80415,0.985188,2310.11,2344.84,0,0,0.6394,0.649013,0,Zn,Yes,Zn,clean,Y,Y,Y,,N,,,,,,,,,,,,,,,,
YILJAG_clean,9.10869,5.99614,8.54669,0.787709,2364.52,3001.77,0,0,0.7242,0.919375,0,Zn,Yes,Zn,clean,Y,Y,Y,,N,,,,,,,,,,,,,,,,
YOCCIE_clean,6.8059,5.18062,6.8059,1.41637,1048.63,740.368,38.6647,27.2985,0.5234,0.369537,0,Zn,Yes,Zn,clean,Y,Y,Y,,N,,,,,,,,,,,,,,,,
YOCDUR_clean,9.69113,7.20147,9.69113,0.660405,2307.63,3494.27,0,0,0.7614,1.15293,0,Zn,Yes,Zn,clean,Y,Y,Y,,N,,,,,,,,,,,,,,,,
YODWOF_clean,21.60336,14.63737,21.60336,0.354351,1695.85,4785.8,0,0,0.8718,2.46027,0,Zn,Yes,Zn,clean,N,Y,Y,,N,,,,,,,,,,,,,,,,
YODWUL_clean,23.49364,11.53361,23.48524,0.424505,1906.84,4491.91,0,0,0.849,1.99997,0,Zn,Yes,Zn,clean,N,Y,Y,,N,,,,,,,,,,,,,,,,
YOGKOW_clean,10.82894,9.41793,10.82894,0.926286,1458.82,1574.92,0,0,0.651,0.702807,0,Zn,Yes,Zn,clean,N,Y,Y,,N,,,,,,,,,,,,,,,,
YONNAR_clean,11.86103,5.70578,11.72639,0.691421,2206.3,3190.97,0,0,0.7668,1.10902,0,Zn,Yes,Zn,clean,Y,Y,Y,,N,,,,,,,,,,,,,,,,
YOZQAG_charged,13.27914,8.89146,13.27914,0.6982,1942.39,2781.99,0,0,0.7516,1.07648,0,Zn,Yes,Zn,charged,N,Y,Y,,N,,,,,,,,,,,,,,,,
YOZQEK_clean,13.97996,12.00951,13.48133,0.61183,1737.5,2839.84,0,0,0.7918,1.29415,0,Zn,Yes,Zn,clean,N,Y,Y,,N,,,,,,,,,,,,,,,,
YOZYUJ_clean,8.32775,7.35004,8.32775,1.04928,1799.21,1714.71,0,0,0.648,0.617564,0,Zn,Yes,Zn,clean,N,Y,Y,,N,,,,,,,,,,,,,,,,
YUGZIK_clean,11.91055,8.94015,11.87908,0.448758,2210.67,4926.21,0,0,0.8084,1.80142,0,Zn,Yes,Zn,clean,Y,Y,Y,,N,,,,,,,,,,,,,,,,
YUZPEQ_clean,21.49816,9.22584,18.34054,0.4666,2093.84,4487.44,0,0,0.8266,1.77154,0,Zn,Yes,Zn,clean,N,Y,Y,,N,,,,,,,,,,,,,,,,
YUZPIU_clean,24.28264,10.2733,24.27637,0.405541,1930.72,4760.85,0,0,0.8426,2.07772,0,Zn,Yes,Zn,clean,N,Y,Y,,N,,,,,,,,,,,,,,,,
YUZPOA_clean,20.08724,6.66271,20.08724,0.597835,2261.64,3783.05,0,0,0.7894,1.32043,0,Zn,Yes,Zn,clean,N,Y,Y,,N,,,,,,,,,,,,,,,,
ZARLEL_clean,14.43115,13.28451,14.43115,0.493906,1518.29,3074.04,0,0,0.7906,1.60071,0,Zn,Yes,Zn,clean,Y,Y,Y,,N,,,,,,,,,,,,,,,,
ZARLIP_clean,9.09773,7.66595,9.09773,0.805646,1902.98,2362.06,0,0,0.6786,0.842305,0,Zn,Yes,Zn,clean,Y,Y,Y,,N,,,,,,,,,,,,,,,,
ZARLUB_charged,9.74532,6.34877,9.74532,0.957875,1926.91,2011.65,0,0,0.64,0.668145,0,Zn,Yes,Zn,charged,N,Y,Y,,N,,,,,,,,,,,,,,,,
ZARMAI_charged,10.69503,7.05231,10.69503,0.975433,1644.41,1685.83,0,0,0.6456,0.66186,0,Zn,Yes,Zn,charged,N,Y,Y,,N,,,,,,,,,,,,,,,,
ZELQAK_clean,8.24038,5.23853,8.14946,0.765451,2630.89,3437.05,0,0,0.7374,0.963354,0,Zn,Yes,Zn,clean,Y,Y,Y,,N,,,,,,,,,,,,,,,,
ZETLER_clean,7.4185,6.73421,7.4185,1.13583,1090.42,960.022,0,0,0.5128,0.451477,0,Zn,Yes,Zn,clean,N,Y,Y,,N,,,,,,,,,,,,,,,,
ZINDAD_clean,16.39277,6.7436,16.39277,0.781296,1939.71,2482.68,0.0538053,0.0688667,0.7302,0.934601,0,Zn,Yes,Zn,clean,Y,Y,Y,,N,,,,,,,,,,,,,,,,
ZUGDEM_clean,9.67095,5.98717,9.67095,0.85339,2198.39,2576.07,0,0,0.6996,0.819789,0,Zn,Yes,Zn,clean,N,Y,Y,,N,,,,,,,,,,,,,,,,
