ACOCOM_clean,24.60642,13.0343,24.60642,0.349927,1537.41,4393.52,0,0,0.863,2.46623,0,Cu,Yes,Cu,clean,Y,Y,Y,DISORDER,N,,,,,,,,,,,
acs.chemmater.5b03723_cm5b03723_si_004_clean,13.11818,7.33973,12.8246,0.772596,1915.1,2478.78,10.4758,13.5592,0.6956,0.900342,0,Cu,Yes,Cu,clean,Y,N,Y,DISORDER,N,,Y,28/07/2015,10.1021/acs.chemmater.5b03723,"1 SI, 1 Structure",TAKKEY,,,,,
acs.chemmater.5b03723_cm5b03723_si_005_clean,14.22819,7.4356,14.22819,0.645145,2122.45,3289.88,0,0,0.7418,1.14982,0,Cu,Yes,Cu,clean,Y,N,Y,DISORDER,Y,TAKKIC,Y,28/07/2015,10.1021/acs.chemmater.5b03723,"1 SI, 1 Structure",TAKKIC,,,,,
acs.inorgchem.5b02316_ic5b02316_si_002_clean,10.12066,5.58472,9.70957,1.34196,2005.01,1494.09,0,0,0.658,0.490328,0,Cu,Yes,Cu,clean,Y,N,Y,DISORDER,Y,ZADRII,Y,"	21/09/2015",10.1021/acs.inorgchem.5b02316,"1 SI, 5 Structure",ZADRII,ZADQUT,ZADRAA,ZADREE,ZADRII,ZADROO
AFEKAX_clean,8.19182,6.99421,8.19182,0.987281,1565.63,1585.8,78.0532,79.0587,0.641,0.649258,0,Cu,Yes,Cu,clean,Y,Y,Y,DISORDER,N,,,,,,,,,,,
ANOMOG_clean,12.8003,5.50166,12.79961,0.784559,2116.78,2698.05,0,0,0.7198,0.917458,0,Cu,Yes,Cu,clean,Y,Y,Y,DISORDER,N,,,,,,,,,,,
ASIVEF_clean,11.85007,7.21214,11.45277,0.623261,2219.01,3560.32,0,0,0.7618,1.22228,0,Cu,Yes,Cu,clean,Y,Y,Y,DISORDER,N,,,,,,,,,,,
AWEWOP_clean,9.66818,6.8565,9.66161,1.11027,1532.43,1380.24,0,0,0.5908,0.532125,0,Cu,Yes,Cu,clean,Y,Y,Y,DISORDER,N,,,,,,,,,,,
BABREE_clean,12.92538,6.29785,12.92538,0.898119,2356.63,2623.96,0,0,0.6828,0.760255,0,Cu,Yes,Cu,clean,Y,Y,Y,DISORDER,N,,,,,,,,,,,
BIPBAF_clean,10.29487,6.42172,10.29451,0.781793,2351.03,3007.23,0,0,0.7276,0.930682,0,Cu,Yes,Cu,clean,Y,Y,Y,DISORDER,N,,,,,,,,,,,
BIWSOQ_clean,15.33666,5.40917,6.36274,0.990293,1940.65,1959.67,0,0,0.6518,0.658189,0,Cu,Yes,Cu,clean,Y,Y,Y,DISORDER,N,,,,,,,,,,,
BUFPIC_clean,10.87605,5.8404,10.87567,1.22558,1934.23,1578.21,0,0,0.671,0.547494,0,Cu,Yes,Cu,clean,Y,Y,Y,DISORDER,N,,,,,,,,,,,
BUPDOH_clean,11.18608,5.4183,11.18608,0.930795,2344.47,2518.79,0,0,0.7156,0.768805,0,Cu,Yes,Cu,clean,Y,Y,Y,DISORDER,N,,,,,,,,,,,
c5dt04943a_c5dt04943a2_clean,11.21193,6.39957,11.21193,0.759207,2393.65,3152.83,0,0,0.7392,0.973647,0,Cu,Yes,Cu,clean,Y,N,Y,DISORDER,Y,NAHHIQ,Y,15/01/2016,10.1039/c5dt04943a,"1 SI, 2 Structure",NAHHIQ,NAHHIQ,NAHHOW,,,
CAYQIE_clean,11.36799,6.51795,9.97187,0.696086,2497.61,3588.07,0,0,0.7382,1.0605,0,Cu,Yes,Cu,clean,Y,Y,Y,DISORDER,N,,,,,,,,,,,
CAYQOK_clean,11.83799,7.63891,11.7221,0.673503,2318.04,3441.77,0,0,0.7596,1.12783,0,Cu,Yes,Cu,clean,Y,Y,Y,DISORDER,N,,,,,,,,,,,
CAYQUQ_clean,11.37885,6.17998,10.24831,0.783377,2242.23,2862.26,0,0,0.6804,0.868548,0,Cu,Yes,Cu,clean,Y,Y,Y,DISORDER,N,,,,,,,,,,,
CESFIQ_clean,12.64207,6.13059,12.56929,0.688272,2372.6,3447.18,0,0,0.7544,1.09608,0,Cu,Yes,Cu,clean,Y,Y,Y,DISORDER,N,,,,,,,,,,,
CESFOW_clean,11.30689,5.72282,11.30689,0.75113,2376.62,3164.06,0,0,0.7236,0.963349,0,Cu,Yes,Cu,clean,Y,Y,Y,DISORDER,N,,,,,,,,,,,
cg2007167_si_002_clean,6.66423,5.56859,6.66139,0.818121,2162.43,2643.17,0,0,0.663,0.810394,0,Cu,Yes,Cu,clean,Y,N,Y,DISORDER,Y,DALRUF,Y,23/11/2011,10.1021/cg2007167,"1 SI, 2 Structure",DALRUF,DALRUF,DALSAM,,,
COXDIE_clean,5.62039,5.35711,5.62039,1.66496,1129.92,678.647,0.152502,0.091595,0.484,0.290697,0,Cu,Yes,Cu,clean,Y,Y,Y,DISORDER,N,,,,,,,,,,,
CUPHIG_clean,11.10015,5.6209,11.10015,0.767516,2426.29,3161.23,0,0,0.7292,0.950078,0,Cu,Yes,Cu,clean,Y,Y,Y,DISORDER,N,,,,,,,,,,,
DAZCAK_clean,13.11846,6.60097,13.10556,1.02457,1662.31,1622.44,0,0,0.6408,0.625431,0,Cu,Yes,Cu,clean,Y,Y,Y,DISORDER,N,,,,,,,,,,,
DOJXOR_clean,7.78532,7.29613,7.78532,1.02283,1574.02,1538.88,0,0,0.5858,0.572722,0,Cu,Yes,Cu,clean,Y,Y,Y,DISORDER,N,,,,,,,,,,,
ELEROE_clean,12.99873,6.57068,12.98598,1.00519,1733.85,1724.91,0,0,0.6496,0.646248,0,Cu,Yes,Cu,clean,Y,Y,Y,DISORDER,N,,,,,,,,,,,
ENEQUL_clean,7.56046,6.76685,7.56046,0.96801,1567.25,1619.05,0,0,0.6008,0.620655,0,Cu,Yes,Cu,clean,Y,Y,Y,DISORDER,N,,,,,,,,,,,
FEZCIX_clean,9.87905,6.13901,9.87905,1.05939,3096.5,2922.91,0,0,0.8222,0.776107,0,Cu,Yes,Cu,clean,Y,Y,Y,DISORDER,N,,,,,,,,,,,
FIQCEN_clean,13.18983,6.65676,13.18983,0.879099,2114.54,2405.35,0,0,0.7206,0.819703,0,Cu,Yes,Cu,clean,Y,Y,Y,DISORDER,N,,,,,,,,,,,
FISGOF_clean,15.80637,8.55438,15.80637,0.434111,2007.26,4623.85,0,0,0.8372,1.92854,0,Cu,Yes,Cu,clean,Y,Y,Y,DISORDER,N,,,,,,,,,,,
FOPFAS_clean,20.99168,6.62083,20.99168,0.583055,2159.7,3704.11,0,0,0.7806,1.33881,0,Cu,Yes,Cu,clean,Y,Y,Y,DISORDER,N,,,,,,,,,,,
FOQNOQ01_clean,5.8632,5.042,5.82773,1.375,1086.49,790.181,181.915,132.302,0.54,0.392729,0,Cu,Yes,Cu,clean,Y,Y,Y,DISORDER,N,,,,,,,,,,,
FUVBOP_clean,10.72258,6.59075,10.71272,0.950401,1920.81,2021.05,0.114282,0.120246,0.6984,0.734848,0,Cu,Yes,Cu,clean,Y,Y,Y,DISORDER,N,,,,,,,,,,,
GACBIY_clean,10.24471,5.50706,10.24368,0.92198,1952.79,2118.04,0.041585,0.045104,0.6674,0.723877,0,Cu,Yes,Cu,clean,Y,Y,Y,DISORDER,N,,,,,,,,,,,
GEYFIB_clean,12.3555,5.62488,12.3555,0.95864,2444.88,2550.36,0,0,0.74,0.771927,0,Cu,Yes,Cu,clean,Y,Y,Y,DISORDER,N,,,,,,,,,,,
GORWUF_clean,8.33661,7.09541,8.33661,0.969393,1603.52,1654.15,63.3927,65.3942,0.6516,0.672173,0,Cu,Yes,Cu,clean,Y,Y,Y,DISORDER,N,,,,,,,,,,,
GUKCIA_clean,12.90912,5.8992,12.00342,0.805597,2331.25,2893.82,0,0,0.7378,0.915843,0,Cu,Yes,Cu,clean,Y,Y,Y,DISORDER,N,,,,,,,,,,,
HOGJET_clean,10.64607,6.59696,10.64607,0.792851,2302.52,2904.1,0,0,0.722,0.910637,0,Cu,Yes,Cu,clean,Y,Y,Y,DISORDER,N,,,,,,,,,,,
HUNCIE_clean,23.8524,20.39274,23.77655,0.290995,1592.86,5473.82,0,0,0.8752,3.00761,0,Cu,Yes,Cu,clean,Y,Y,Y,DISORDER,N,,,,,,,,,,,
HUYFAJ_clean,13.01175,6.7865,13.01175,0.928859,1613.49,1737.07,0,0,0.649,0.698706,0,Cu,Yes,Cu,clean,Y,Y,Y,DISORDER,N,,,,,,,,,,,
ICAREL_clean,16.21859,9.18486,11.94903,0.616739,2046.86,3318.84,0,0,0.7336,1.18948,0,Cu,Yes,Cu,clean,Y,Y,Y,DISORDER,N,,,,,,,,,,,
IDUYOX_clean,9.73996,8.61519,9.73996,0.935578,2195.16,2346.31,0,0,0.7078,0.756538,0,Cu,Yes,Cu,clean,Y,Y,Y,DISORDER,N,,,,,,,,,,,
IVEKEA_clean,22.61279,7.45433,22.60405,0.58506,2033.02,3474.88,0,0,0.8178,1.3978,0,Cu,Yes,Cu,clean,Y,Y,Y,DISORDER,N,,,,,,,,,,,
ja0734952si20070516_030528_clean,12.93372,6.65576,12.93372,1.08034,1587.08,1469.06,0,0,0.6156,0.569821,0,Cu,Yes,Cu,clean,Y,N,Y,DISORDER,Y,CILLAL,Y,02/10/2007,10.1021/ja0734952,"1 SI, 1 Structure",CILLAL,,,,,
ja501810r_si_002_clean,11.13191,5.72159,11.13191,0.767426,2419.7,3153.01,0,0,0.7292,0.950189,0,Cu,Yes,Cu,clean,Y,N,Y,DISORDER,Y,RIYPAS,Y,14/05/2014,10.1021/ja501810r,"1 SI, 1 Structure",RIYPAS,,,,,
jacs.5b11079_ja5b11079_si_002_clean,14.16979,6.91811,12.94276,0.599196,2206.88,3683.06,0,0,0.7614,1.2707,0,Cu,Yes,Cu,clean,Y,N,Y,DISORDER,Y,RUJMEQ,Y,24/02/2016,10.1021/jacs.5b11079,"1 SI, 1 Structure",RUJMEQ,,,,,
KOJZOZ_clean,9.94395,7.51619,9.94395,1.17869,2115.26,1794.59,0,0,0.694,0.58879,0,Cu,Yes,Cu,clean,Y,Y,Y,DISORDER,N,,,,,,,,,,,
KOZQIB_clean,28.54072,12.23604,28.54072,0.302864,1428.61,4716.99,0,0,0.8826,2.91418,0,Cu,Yes,Cu,clean,Y,Y,Y,DISORDER,N,,,,,,,,,,,
KUKPUD_clean,9.04322,8.10629,9.04322,1.11678,1615.16,1446.26,0,0,0.65,0.582028,0,Cu,Yes,Cu,clean,Y,Y,Y,DISORDER,N,,,,,,,,,,,
LAPZEK_clean,15.51079,7.93845,15.33563,0.599908,2098.95,3498.78,0,0,0.7678,1.27986,0,Cu,Yes,Cu,clean,Y,Y,Y,DISORDER,N,,,,,,,,,,,
LAQNOJ_clean,14.29494,6.44811,14.29494,0.699724,2201.6,3146.38,0,0,0.7396,1.05699,0,Cu,Yes,Cu,clean,Y,Y,Y,DISORDER,N,,,,,,,,,,,
LAQNUP_clean,15.26013,7.80017,15.22984,0.646935,2142.31,3311.48,0,0,0.755,1.16704,0,Cu,Yes,Cu,clean,Y,Y,Y,DISORDER,N,,,,,,,,,,,
LAZXIV_clean,10.90811,7.24269,10.90811,0.858102,2105.18,2453.3,0,0,0.7086,0.825776,0,Cu,Yes,Cu,clean,Y,Y,Y,DISORDER,N,,,,,,,,,,,
LELDOX_clean,18.13342,6.69424,12.87691,0.621417,2220.07,3572.59,0,0,0.7588,1.22108,0,Cu,Yes,Cu,clean,Y,Y,Y,DISORDER,N,,,,,,,,,,,
LEQCAN_clean,13.67194,6.45338,13.67194,0.778071,2218,2850.64,0,0,0.719,0.92408,0,Cu,Yes,Cu,clean,Y,Y,Y,DISORDER,N,,,,,,,,,,,
LOFJAT_clean,11.75384,5.77917,10.9055,0.7403,2339.25,3159.86,0,0,0.728,0.983385,0,Cu,Yes,Cu,clean,Y,Y,Y,DISORDER,N,,,,,,,,,,,
LUKLIN_clean,20.05813,9.81608,20.05813,0.466068,1922.41,4124.74,0,0,0.817,1.75296,0,Cu,Yes,Cu,clean,Y,Y,Y,DISORDER,N,,,,,,,,,,,
LURRIA_clean,22.37295,9.74126,15.85817,0.406542,1874.4,4610.6,0,0,0.8348,2.05341,0,Cu,Yes,Cu,clean,Y,Y,Y,DISORDER,N,,,,,,,,,,,
LUTZEH_clean,27.97153,12.56634,27.97011,0.560816,1424.55,2540.14,0,0,0.8216,1.46501,0,Cu,Yes,Cu,clean,Y,Y,Y,DISORDER,N,,,,,,,,,,,
MAFFUW_clean,12.43799,9.17375,12.24576,0.861708,2209.58,2564.19,0,0,0.7434,0.862706,0,Cu,Yes,Cu,clean,Y,Y,Y,DISORDER,N,,,,,,,,,,,
MAJJUF_clean,9.38886,6.3118,6.70875,0.66218,2520.92,3807,0,0,0.7062,1.06648,0,Cu,Yes,Cu,clean,Y,Y,Y,DISORDER,N,,,,,,,,,,,
MAVRAE_clean,14.86498,11.27751,14.86293,0.610418,2066.56,3385.48,11.8472,19.4083,0.781,1.27945,0,Cu,Yes,Cu,clean,Y,Y,Y,DISORDER,N,,,,,,,,,,,
MIZPUI_clean,11.48015,5.54799,11.48015,0.751265,2238.05,2979.04,0,0,0.6966,0.927235,0,Cu,Yes,Cu,clean,Y,Y,Y,DISORDER,N,,,,,,,,,,,
MOKVOZ_clean,13.24903,6.01162,13.24903,0.724616,2572.52,3550.19,0,0,0.738,1.01847,0,Cu,Yes,Cu,clean,Y,Y,Y,DISORDER,N,,,,,,,,,,,
MOXBOS_clean,8.77455,8.32709,8.77455,1.39055,1211.67,871.361,0,0,0.542,0.389775,0,Cu,Yes,Cu,clean,Y,Y,Y,DISORDER,N,,,,,,,,,,,
MUWRON_clean,11.14697,5.73571,11.14697,0.774274,2356.29,3043.22,0,0,0.7288,0.941268,0,Cu,Yes,Cu,clean,Y,Y,Y,DISORDER,N,,,,,,,,,,,
NAHHOW_clean,11.20913,5.76802,11.20913,0.762768,2433.01,3189.71,0,0,0.7328,0.960711,0,Cu,Yes,Cu,clean,Y,Y,Y,DISORDER,N,,,,,,,,,,,
NAYHAY_clean,9.43032,7.54222,9.43032,1.04574,1938.97,1854.15,0,0,0.6636,0.634572,0,Cu,Yes,Cu,clean,Y,Y,Y,DISORDER,N,,,,,,,,,,,
NIMQAD_clean,18.5968,6.64733,18.5968,0.654728,2081.74,3179.55,0,0,0.7738,1.18187,0,Cu,Yes,Cu,clean,Y,Y,Y,DISORDER,N,,,,,,,,,,,
NIMQEH_clean,23.25166,7.78548,23.25166,0.459453,1896.83,4128.44,0,0,0.8302,1.80693,0,Cu,Yes,Cu,clean,Y,Y,Y,DISORDER,N,,,,,,,,,,,
NOBWEI_clean,16.2907,8.53738,15.52508,0.913809,1825.25,1997.41,0,0,0.7398,0.809579,0.000218864,Cu,Yes,Cu,clean,Y,Y,Y,DISORDER,N,,,,,,,,,,,
NOBWUY_clean,18.86887,5.20776,18.51864,1.04767,2167.65,2069.01,0,0,0.7276,0.694493,0,Cu,Yes,Cu,clean,Y,Y,Y,DISORDER,N,,,,,,,,,,,
NUTQEZ_clean,11.70306,8.32124,11.70306,0.764211,2296.31,3004.82,0,0,0.7326,0.958635,0,Cu,Yes,Cu,clean,Y,Y,Y,DISORDER,N,,,,,,,,,,,
NUVXUZ_clean,23.89274,9.6738,23.89274,0.500285,1776.43,3550.84,0,0,0.8514,1.70183,0,Cu,Yes,Cu,clean,Y,Y,Y,DISORDER,N,,,,,,,,,,,
OBUBIW_clean,8.40991,7.43675,8.40991,1.51932,1162.57,765.188,0,0,0.5544,0.3649,0,"Cu,La",Yes,Cu,clean,Y,Y,Y,DISORDER,N,,,,,,,,,,,
OFORUX_clean,5.53845,5.06291,5.53845,1.56223,562.431,360.018,0,0,0.406,0.259885,0,"Cu,Cd",Yes,Cu,clean,Y,Y,Y,DISORDER,N,,,,,,,,,,,
OGOJAX_clean,15.34906,9.73806,15.34906,0.707076,1965.3,2779.47,0,0,0.723,1.02252,0,Cu,Yes,Cu,clean,Y,Y,Y,DISORDER,N,,,,,,,,,,,
ORAWAH_clean,14.82674,6.56061,14.82548,0.863117,1932.93,2239.48,0,0,0.7068,0.818892,0,Cu,Yes,Cu,clean,Y,Y,Y,DISORDER,N,,,,,,,,,,,
OSOTIB_clean,11.1654,5.76413,11.16529,0.768695,2412.13,3137.96,0,0,0.7286,0.947841,0,Cu,Yes,Cu,clean,Y,Y,Y,DISORDER,N,,,,,,,,,,,
OVEDAW_clean,14.39297,11.63509,13.75062,0.650011,1976.09,3040.09,0,0,0.8048,1.23813,0,Cu,Yes,Cu,clean,Y,Y,Y,DISORDER,N,,,,,,,,,,,
PALTIH_clean,11.04439,8.71548,11.04439,0.72332,1810.35,2502.84,0,0,0.6956,0.961677,0,Cu,Yes,Cu,clean,Y,Y,Y,DISORDER,N,,,,,,,,,,,
PEJMUO_clean,13.35641,7.95242,13.35641,1.19591,2105.7,1760.75,0,0,0.7508,0.627806,0,Cu,Yes,Cu,clean,Y,Y,Y,DISORDER,N,,,,,,,,,,,
PETWES_clean,8.84744,7.28374,8.84744,0.910066,1853.32,2036.47,138.745,152.456,0.6838,0.751374,0,Cu,Yes,Cu,clean,Y,Y,Y,DISORDER,N,,,,,,,,,,,
PETWIW_clean,8.64175,7.19008,8.64175,0.936726,1743.28,1861.03,108.799,116.148,0.6724,0.717819,0,Cu,Yes,Cu,clean,Y,Y,Y,DISORDER,N,,,,,,,,,,,
PIVBEC_clean,13.77076,8.56536,13.77076,0.777047,2136.37,2749.35,0,0,0.75,0.965193,0,Cu,Yes,Cu,clean,Y,Y,Y,DISORDER,N,,,,,,,,,,,
QIYDAF01_clean,22.00141,13.57926,22.00141,0.303251,1702.79,5615.12,0,0,0.8664,2.85704,0,Cu,Yes,Cu,clean,Y,Y,Y,DISORDER,N,,,,,,,,,,,
QUTDAM_clean,11.27758,5.77514,11.27758,0.754326,2377.38,3151.67,0,0,0.7286,0.965895,0,Cu,Yes,Cu,clean,Y,Y,Y,DISORDER,N,,,,,,,,,,,
RAHNUL_clean,17.79893,6.53311,17.1659,0.734168,2290.53,3119.9,0,0,0.7632,1.03954,0,Cu,Yes,Cu,clean,Y,Y,Y,DISORDER,N,,,,,,,,,,,
RAHPAT_clean,17.3936,6.5256,17.3936,0.714443,2314.93,3240.19,0,0,0.7448,1.04249,0,Cu,Yes,Cu,clean,Y,Y,Y,DISORDER,N,,,,,,,,,,,
ROKRIU_clean,8.86041,5.19195,8.86041,1.64666,1704.6,1035.19,0,0,0.5902,0.358422,0.000121458,Cu,Yes,Cu,clean,Y,Y,Y,DISORDER,N,,,,,,,,,,,
ROKROA_clean,10.11106,5.54962,10.11106,1.34908,2005.9,1486.87,0,0,0.6572,0.487146,0,Cu,Yes,Cu,clean,Y,Y,Y,DISORDER,N,,,,,,,,,,,
RUFPUF_clean,20.40507,9.35997,20.29085,0.359492,1749.6,4866.88,0,0,0.8282,2.30381,0,Cu,Yes,Cu,clean,Y,Y,Y,DISORDER,N,,,,,,,,,,,
RUFZOJ_clean,11.51038,11.00419,11.51038,0.791669,2046.48,2585.02,0,0,0.7196,0.908965,0,Cu,Yes,Cu,clean,Y,Y,Y,DISORDER,N,,,,,,,,,,,
RUKHAI_clean,10.70068,6.53435,10.70068,0.843497,2555.98,3030.22,0,0,0.7072,0.838415,0,Cu,Yes,Cu,clean,Y,Y,Y,DISORDER,N,,,,,,,,,,,
SITFUY_clean,18.15702,9.20943,18.15702,1.0054,1849.34,1839.41,0,0,0.7562,0.752141,0.000198926,Cu,Yes,Cu,clean,N,Y,Y,DISORDER,N,,,,,,,,,,,
SUNLAP_clean,15.71173,14.36824,15.70209,0.304225,1659.94,5456.29,0,0,0.8758,2.87879,0,Cu,Yes,Cu,clean,N,Y,Y,DISORDER,N,,,,,,,,,,,
SUPQAW_clean,12.03938,6.80096,12.03938,0.533609,2437.56,4568.06,0,0,0.7952,1.49023,0,Cu,Yes,Cu,clean,N,Y,Y,DISORDER,N,,,,,,,,,,,
UFEXOT_clean,5.24877,5.07012,5.24877,2.41392,1168.03,483.873,0,0,0.46,0.190561,0,"Cu,Er",Yes,Cu,clean,N,Y,Y,DISORDER,N,,,,,,,,,,,
UGEMOK_clean,14.34298,9.58261,14.33743,0.489073,1953.45,3994.18,0,0,0.8062,1.64842,0,Cu,Yes,Cu,clean,N,Y,Y,DISORDER,N,,,,,,,,,,,
UGOCAW_clean,17.45578,5.12425,17.45578,1.074,2102.62,1957.74,0,0,0.744,0.692734,0,Cu,Yes,Cu,clean,N,Y,Y,DISORDER,N,,,,,,,,,,,
UMODEH05_clean,11.16124,5.28404,11.16124,0.549643,2818.73,5128.3,0,0,0.764,1.38999,0,Cu,Yes,Cu,clean,N,Y,Y,DISORDER,N,,,,,,,,,,,
UMOYOM_clean,8.83339,5.23908,8.83268,0.625162,2968.14,4747.79,0,0,0.7388,1.18177,0,Cu,Yes,Cu,clean,N,Y,Y,DISORDER,N,,,,,,,,,,,
UMOYOM01_clean,8.8085,5.25892,8.77749,0.621878,2962.67,4764.07,0,0,0.7408,1.19123,0,Cu,Yes,Cu,clean,N,Y,Y,DISORDER,N,,,,,,,,,,,
UMOYOM02_clean,8.68301,5.26839,8.68301,0.613738,2959.15,4821.52,0,0,0.7366,1.20019,0,Cu,Yes,Cu,clean,N,Y,Y,DISORDER,N,,,,,,,,,,,
UMOYOM04_clean,9.1769,5.34749,9.1769,0.570426,2833.6,4967.52,0,0,0.7508,1.31621,0,Cu,Yes,Cu,clean,N,Y,Y,DISORDER,N,,,,,,,,,,,
UMOYOM09_clean,9.17279,5.31913,9.17279,0.580043,2871.76,4950.95,0,0,0.7526,1.29749,0,Cu,Yes,Cu,clean,N,Y,Y,DISORDER,N,,,,,,,,,,,
UMOYOM12_clean,10.19907,5.488,10.19907,0.599366,2923.9,4878.33,0,0,0.7518,1.25433,0,Cu,Yes,Cu,clean,N,Y,Y,DISORDER,N,,,,,,,,,,,
UMOYOM14_clean,7.70148,5.09259,6.16713,0.70962,2883.03,4062.77,0,0,0.6922,0.975452,0,Cu,Yes,Cu,clean,N,Y,Y,DISORDER,N,,,,,,,,,,,
UMOYOM15_clean,7.15478,5.03775,6.09393,0.736061,2757.31,3746.04,0,0,0.6812,0.925467,0,Cu,Yes,Cu,clean,N,Y,Y,DISORDER,N,,,,,,,,,,,
UQETOB_clean,15.46668,6.67243,15.45862,0.75459,2172.96,2879.66,0,0,0.7356,0.974835,0,Cu,Yes,Cu,clean,N,Y,Y,DISORDER,N,,,,,,,,,,,
UTEWUM_clean,14.99321,9.89811,14.99321,0.736094,1324.75,1799.7,413.723,562.051,0.7332,0.996068,0,Cu,Yes,Cu,clean,Y,Y,Y,DISORDER,N,,,,,,,,,,,
UXOHOG_clean,14.79373,10.72281,14.79373,0.578516,2056.55,3554.86,0,0,0.7892,1.36418,0,Cu,Yes,Cu,clean,N,Y,Y,DISORDER,N,,,,,,,,,,,
VABKAN_clean,25.15545,13.83989,25.12929,0.397099,1646.09,4145.29,0,0,0.8436,2.12441,0,Cu,Yes,Cu,clean,N,Y,Y,DISORDER,N,,,,,,,,,,,
VAJGAR_clean,7.48888,5.337,7.48888,1.26111,1441.77,1143.26,0,0,0.5468,0.433587,0,Cu,Yes,Cu,clean,N,Y,Y,DISORDER,N,,,,,,,,,,,
VAMYEQ_clean,10.0339,6.95835,10.02217,0.642755,2514.17,3911.56,0,0,0.7686,1.19579,0,Cu,Yes,Cu,clean,N,Y,Y,DISORDER,N,,,,,,,,,,,
VEYREY_clean,13.03513,6.48008,13.03513,0.965562,1553.99,1609.42,0,0,0.6024,0.623886,0,"Cu,Si",Yes,Cu,clean,Y,Y,Y,DISORDER,N,,,,,,,,,,,
VIXPUP_clean,10.93218,6.45029,10.92123,0.719071,2360.22,3282.31,0,0,0.7418,1.03161,0,Cu,Yes,Cu,clean,N,Y,Y,DISORDER,N,,,,,,,,,,,
VORHER_clean,12.85349,6.70722,12.85349,1.05413,1269.54,1204.35,279.236,264.897,0.6238,0.591768,0,Cu,Yes,Cu,clean,N,Y,Y,DISORDER,N,,,,,,,,,,,
VOXTOT_clean,21.5482,10.34857,21.5482,0.866958,1543.77,1780.67,0,0,0.699,0.806268,0,Cu,Yes,Cu,clean,N,Y,Y,DISORDER,N,,,,,,,,,,,
VUJBIM_clean,18.70668,6.62188,18.70668,0.560742,2180.91,3889.33,0,0,0.7898,1.40849,0,Cu,Yes,Cu,clean,Y,Y,Y,DISORDER,N,,,,,,,,,,,
VUJBOS_clean,20.8835,7.6595,20.8835,0.516112,2139.35,4145.12,0,0,0.8006,1.55121,0,Cu,Yes,Cu,clean,N,Y,Y,DISORDER,N,,,,,,,,,,,
VUMBOW_clean,6.23579,5.49714,6.23579,1.58729,766.396,482.833,0,0,0.4186,0.26372,0,Cu,Yes,Cu,clean,N,Y,Y,DISORDER,N,,,,,,,,,,,
WARXUL_clean,10.57389,6.77159,10.57389,0.735554,2346.78,3190.5,0,0,0.7338,0.997616,0,Cu,Yes,Cu,clean,N,Y,Y,DISORDER,N,,,,,,,,,,,
WETPES_clean,11.77316,5.55523,10.53677,0.739178,2326.74,3147.73,0,0,0.723,0.978114,0,Cu,Yes,Cu,clean,N,Y,Y,DISORDER,N,,,,,,,,,,,
WOLROF_clean,12.0686,6.65136,12.0686,0.914878,2088.61,2282.94,0,0,0.7304,0.798358,0.000218608,Cu,Yes,Cu,clean,N,Y,Y,DISORDER,N,,,,,,,,,,,
WOMXED_clean,23.60295,14.93196,20.35776,0.521209,1687.89,3238.42,0,0,0.8384,1.60857,0,Cu,Yes,Cu,clean,N,Y,Y,DISORDER,N,,,,,,,,,,,
XAMDUM07_clean,13.23294,6.7383,13.23294,0.874739,2071.26,2367.87,0,0,0.7194,0.822417,0,Cu,Yes,Cu,clean,Y,Y,Y,DISORDER,N,,,,,,,,,,,
XANMUX03_clean,7.92851,7.20939,7.92851,0.942982,1648.65,1748.33,0,0,0.6634,0.703513,0,Cu,Yes,Cu,clean,N,Y,Y,DISORDER,N,,,,,,,,,,,
XANZAQ_clean,8.11701,7.49064,8.11701,0.931625,1637.23,1757.39,0,0,0.6638,0.712518,0,Cu,Yes,Cu,clean,N,Y,Y,DISORDER,N,,,,,,,,,,,
XANZAQ01_clean,7.80283,7.09635,7.80283,0.978047,1597.51,1633.37,0,0,0.6454,0.659886,0,Cu,Yes,Cu,clean,N,Y,Y,DISORDER,N,,,,,,,,,,,
XANZAQ02_clean,7.78654,7.07621,7.78654,0.976673,1600.7,1638.93,0,0,0.6466,0.662043,0,Cu,Yes,Cu,clean,N,Y,Y,DISORDER,N,,,,,,,,,,,
XANZAQ03_clean,8.31524,7.66858,8.31524,0.918646,1605.96,1748.18,3.17356,3.45461,0.6742,0.733906,0,Cu,Yes,Cu,clean,N,Y,Y,DISORDER,N,,,,,,,,,,,
XANZAQ04_clean,8.34862,7.90874,8.34862,0.946048,1600.25,1691.51,0,0,0.6642,0.702079,0,Cu,Yes,Cu,clean,N,Y,Y,DISORDER,N,,,,,,,,,,,
XANZAQ05_clean,8.47885,8.09304,8.47885,0.942478,1573.71,1669.76,0,0,0.6686,0.709407,0,Cu,Yes,Cu,clean,N,Y,Y,DISORDER,N,,,,,,,,,,,
XANZAQ06_clean,8.35756,7.91059,8.35756,0.939122,1667.31,1775.39,0,0,0.6656,0.708747,0,Cu,Yes,Cu,clean,N,Y,Y,DISORDER,N,,,,,,,,,,,
XANZAQ07_clean,8.40037,8.01066,8.40037,0.935791,1631.15,1743.07,0,0,0.6708,0.716827,0,Cu,Yes,Cu,clean,N,Y,Y,DISORDER,N,,,,,,,,,,,
XANZAQ08_clean,8.39367,7.99618,8.39367,0.933711,1580.24,1692.42,0,0,0.662,0.708999,0,Cu,Yes,Cu,clean,N,Y,Y,DISORDER,N,,,,,,,,,,,
XEKJIH_clean,6.20826,5.78382,6.20814,1.47662,347.482,235.322,860.221,582.56,0.5432,0.367867,0,Cu,Yes,Cu,clean,N,Y,Y,DISORDER,N,,,,,,,,,,,
XEKJON_clean,6.22254,5.56439,6.21747,1.67319,360.472,215.439,737.24,440.618,0.5436,0.324888,0,Cu,Yes,Cu,clean,N,Y,Y,DISORDER,N,,,,,,,,,,,
XEKJUT_clean,6.56629,6.19348,6.55947,1.65134,406.62,246.236,825.001,499.594,0.5444,0.329671,0,Cu,Yes,Cu,clean,N,Y,Y,DISORDER,N,,,,,,,,,,,
XONLES_clean,15.50229,14.17026,15.50229,0.301134,1628.27,5407.15,0,0,0.8756,2.90768,0,Cu,Yes,Cu,clean,N,Y,Y,DISORDER,N,,,,,,,,,,,
XUDPET_clean,10.18322,6.79896,10.18322,0.665226,2463.75,3703.63,0,0,0.7644,1.14908,0,Cu,Yes,Cu,clean,N,Y,Y,DISORDER,N,,,,,,,,,,,
XUDPOD_clean,11.07776,6.90892,11.06925,0.552172,2378.06,4306.74,0,0,0.786,1.42347,0,Cu,Yes,Cu,clean,N,Y,Y,DISORDER,N,,,,,,,,,,,
XUFWIF_clean,10.42496,6.51739,10.42496,0.851444,2291,2690.72,0,0,0.7078,0.831294,0,Cu,Yes,Cu,clean,N,Y,Y,DISORDER,N,,,,,,,,,,,
YAFJEX_clean,11.02926,6.06332,11.02908,0.831573,2433.8,2926.74,0,0,0.7192,0.864866,0,Cu,Yes,Cu,clean,N,Y,Y,DISORDER,N,,,,,,,,,,,
YARXEX_clean,15.39876,13.65401,15.39876,0.988783,1419.77,1435.87,0,0,0.712,0.720077,0,Cu,Yes,Cu,clean,N,Y,Y,DISORDER,N,,,,,,,,,,,
YASVOG_clean,12.05289,6.27919,11.18225,1.04501,2356.03,2254.56,0,0,0.7364,0.704684,0,Cu,Yes,Cu,clean,N,Y,Y,DISORDER,N,,,,,,,,,,,
YIXBIQ_clean,16.14545,8.60739,16.14545,1.16801,1743,1492.28,0,0,0.7494,0.641603,0,Cu,Yes,Cu,clean,N,Y,Y,DISORDER,N,,,,,,,,,,,
ZADQUT_clean,10.25186,5.73513,10.25186,1.32367,2043.12,1543.53,0,0,0.659,0.497859,0.000151095,Cu,Yes,Cu,clean,N,Y,Y,DISORDER,N,,,,,,,,,,,
ZADRAA_clean,10.05232,5.81781,10.05232,1.33714,1945.37,1454.87,0,0,0.6546,0.489551,0.000149573,Cu,Yes,Cu,clean,N,Y,Y,DISORDER,N,,,,,,,,,,,
ZADREE_clean,10.34457,5.76157,10.34457,1.31114,2073.65,1581.56,0,0,0.6666,0.508413,0.000152539,Cu,Yes,Cu,clean,N,Y,Y,DISORDER,N,,,,,,,,,,,
ZADROO_clean,10.31269,5.87037,10.31269,1.32035,2021.29,1530.88,0,0,0.6576,0.498051,0.000151475,Cu,Yes,Cu,clean,N,Y,Y,DISORDER,N,,,,,,,,,,,
ZISNEW_clean,10.937,5.73353,10.937,0.756384,2253.97,2979.93,0,0,0.706,0.933388,0,Cu,Yes,Cu,clean,N,Y,Y,DISORDER,N,,,,,,,,,,,
ZIVCOY_clean,21.35428,13.61239,21.35428,0.516145,2019.82,3913.28,0,0,0.8142,1.57746,0,Cu,Yes,Cu,clean,N,Y,Y,DISORDER,N,,,,,,,,,,,
ZOJWAY_clean,13.3083,5.58716,13.3083,1.2847,1849.77,1439.84,0,0,0.6728,0.5237,0,Cu,Yes,Cu,clean,N,Y,Y,DISORDER,N,,,,,,,,,,,
ZUSNOS_clean,13.06588,6.72307,12.14953,0.80175,2346.37,2926.56,0,0,0.7098,0.885314,0,Cu,Yes,Cu,clean,N,Y,Y,DISORDER,N,,,,,,,,,,,
acs.inorgchem.6b02514_ic6b02514_si_002_clean,6.09101,5.53211,6.09101,1.35156,1494.27,1105.59,0,0,0.6002,0.44408,0,Cu,Yes,Cu,clean,Y,N,Y,,N,,Y,22/11/2016,10.1021/acs.inorgchem.6b02514,"1 SI, 1 Structure",BAHCOF,,,,,
ACUFEK_clean,15.55627,9.00897,15.55627,0.559431,2205.12,3941.72,0,0,0.787,1.40679,0,Cu,Yes,Cu,clean,Y,Y,Y,,N,,,,,,,,,,,
ADASAB_charged,22.82402,13.49014,22.78048,0.343942,1661.07,4829.51,0,0,0.8736,2.53996,0,Cu,Yes,Cu,charged,Y,Y,Y,,N,,,,,,,,,,,
ADASEF_clean,21.62414,10.92309,17.5655,0.435607,1820.41,4179.02,0,0,0.8462,1.94258,0,Cu,Yes,Cu,clean,Y,Y,Y,,N,,,,,,,,,,,
ADASIJ_clean,18.23438,6.60024,18.20695,0.629251,2196.94,3491.36,0,0,0.765,1.21573,0,Cu,Yes,Cu,clean,Y,Y,Y,,N,,,,,,,,,,,
ADATEG_manual,27.33782,13.33904,27.33782,0.238777,1473.42,6170.7,0,0,0.896,3.75246,0,Cu,Yes,Cu,manual,Y,Y,Y,,N,,,,,,,,,,,
ADATIK_clean,24.55082,12.17426,18.62931,0.377577,1712.52,4535.57,0,0,0.8764,2.32112,0,Cu,Yes,Cu,clean,Y,Y,Y,,N,,,,,,,,,,,
ADOGEH_clean,12.71447,5.05258,12.69973,1.01991,1997.13,1958.14,0,0,0.677,0.663783,0,Cu,Yes,Cu,clean,Y,Y,Y,,N,,,,,,,,,,,
AFEJOK_ion_b,5.99825,5.12689,5.98721,1.10129,1640.7,1489.79,0,0,0.5808,0.52738,0,Cu,Yes,Cu,ion_b,Y,Y,Y,,N,,,,,,,,,,,
AFOYIE_clean,9.08566,8.61929,9.08005,0.761887,2055.27,2697.6,0,0,0.71,0.931897,0,Cu,Yes,Cu,clean,Y,Y,Y,,N,,,,,,,,,,,
AGOFEJ_clean,12.6138,8.71559,12.59801,0.583675,1959.85,3357.77,0,0,0.767,1.31409,0,Cu,Yes,Cu,clean,Y,Y,Y,,N,,,,,,,,,,,
ALAMUW_clean,11.92678,5.98269,11.92678,0.64997,2447.93,3766.22,0,0,0.761,1.17082,0,Cu,Yes,Cu,clean,Y,Y,Y,,N,,,,,,,,,,,
ALEJEI_clean,18.06508,7.13825,11.29555,0.600782,2223.57,3701.13,0,0,0.783,1.3033,0,Cu,Yes,Cu,clean,Y,Y,Y,,N,,,,,,,,,,,
ALIXUP_clean,6.38387,5.75713,6.38387,1.33865,1367.26,1021.37,0,0,0.5492,0.410264,0,Cu,Yes,Cu,clean,Y,Y,Y,,N,,,,,,,,,,,
AMAFOK_clean,6.60314,5.66314,6.60314,1.49249,870.16,583.026,0,0,0.4392,0.294274,0,Cu,Yes,Cu,clean,Y,Y,Y,,N,,,,,,,,,,,
AMAGAX_clean,6.93247,6.0951,6.93247,1.45916,960.382,658.174,0,0,0.4598,0.315113,0,Cu,Yes,Cu,clean,Y,Y,Y,,N,,,,,,,,,,,
AMUWUB_clean,10.40349,8.69532,10.40349,0.914151,1431.03,1565.42,0,0,0.6498,0.710823,0,Cu,Yes,Cu,clean,Y,Y,Y,,N,,,,,,,,,,,
AMUXAI_clean,8.64297,7.79614,8.57936,1.02442,1402.26,1368.83,0.421846,0.411789,0.5964,0.582182,0,Cu,Yes,Cu,clean,Y,Y,Y,,N,,,,,,,,,,,
ANONAT_manual,7.80429,5.88473,7.80429,0.800823,2311.14,2885.95,0,0,0.6928,0.86511,0,Cu,Yes,Cu,manual,Y,Y,Y,,N,,,,,,,,,,,
ANUGEW_clean,14.4419,10.2051,14.4419,0.443469,2088.1,4708.57,0,0,0.8326,1.87747,0,Cu,Yes,Cu,clean,Y,Y,Y,,N,,,,,,,,,,,
ANUGIA_clean,13.85309,6.75838,13.85309,0.567973,2306.32,4060.62,0,0,0.7948,1.39936,0,Cu,Yes,Cu,clean,Y,Y,Y,,N,,,,,,,,,,,
ANUGOG_clean,11.39005,7.08849,11.39005,0.58467,2472.03,4228.07,0,0,0.7898,1.35085,0,Cu,Yes,Cu,clean,Y,Y,Y,,N,,,,,,,,,,,
APUPEH_clean,24.7893,14.09199,24.7893,0.298214,1535.12,5147.71,0,0,0.8874,2.97572,0,Cu,Yes,Cu,clean,Y,Y,Y,,N,,,,,,,,,,,
AQUCOF_clean,9.38154,5.59471,9.38154,1.04219,1955.75,1876.59,0,0,0.6824,0.654777,0,Cu,Yes,Cu,clean,N,Y,Y,,N,,,,,,,,,,,
AQUDAS_clean,9.38408,5.62446,8.32943,1.03958,1962.23,1887.52,0,0,0.6752,0.649493,0,Cu,Yes,Cu,clean,N,Y,Y,,N,,,,,,,,,,,
ARAFEF_clean,8.89536,8.62816,8.89536,0.837745,1861.72,2222.3,0,0,0.6918,0.825789,0,Cu,Yes,Cu,clean,Y,Y,Y,,N,,,,,,,,,,,
ARAFIJ_clean,7.45121,6.98768,7.45121,0.945343,1746.6,1847.59,0,0,0.6538,0.691601,0,Cu,Yes,Cu,clean,Y,Y,Y,,N,,,,,,,,,,,
ARAFOP_clean,5.6675,5.04419,5.6675,1.1688,1345.58,1151.25,0,0,0.5694,0.487165,0,Cu,Yes,Cu,clean,Y,Y,Y,,N,,,,,,,,,,,
ASINIB_clean,12.40052,7.22634,12.40052,0.666065,1847.56,2773.85,0,0,0.713,1.07047,0,Cu,Yes,Cu,clean,Y,Y,Y,,N,,,,,,,,,,,
ASIQEA_clean,8.85063,6.25728,8.83155,0.902561,1517.6,1681.44,0,0,0.6232,0.69048,0,Cu,Yes,Cu,clean,Y,Y,Y,,N,,,,,,,,,,,
ASIQIE_clean,9.00205,6.2555,8.99942,0.893575,1516.45,1697.06,0,0,0.6152,0.688471,0,Cu,Yes,Cu,clean,Y,Y,Y,,N,,,,,,,,,,,
ASIVAB_clean,12.32132,7.27063,11.94622,0.538243,2328.12,4325.4,0,0,0.795,1.47703,0,Cu,Yes,Cu,clean,Y,Y,Y,,N,,,,,,,,,,,
ATAYEB_clean,10.54748,5.75428,10.54661,0.825883,2349.73,2845.11,0,0,0.7048,0.853389,0,Cu,Yes,Cu,clean,Y,Y,Y,,N,,,,,,,,,,,
AVAJUE_clean,37.52571,19.54108,37.52571,0.164116,999.284,6088.87,0,0,0.9304,5.66915,0,Cu,Yes,Cu,clean,Y,Y,Y,,N,,,,,,,,,,,
AVAKAL_clean,26.25291,12.57512,26.25291,0.207415,1259.45,6072.13,0,0,0.913,4.40181,0,Cu,Yes,Cu,clean,Y,Y,Y,,N,,,,,,,,,,,
AVAKEP_clean,25.17564,12.49369,25.17564,0.244994,1420.93,5799.87,0,0,0.8902,3.63356,0,Cu,Yes,Cu,clean,Y,Y,Y,,N,,,,,,,,,,,
AYOQEM_clean,12.16451,6.87343,12.16451,0.774775,2322.28,2997.35,0,0,0.7066,0.912006,0,Cu,Yes,Cu,clean,Y,Y,Y,,N,,,,,,,,,,,
AZIVAI_clean,7.0547,5.80911,7.0547,0.682418,2610.44,3825.28,0,0,0.715,1.04774,0,Cu,Yes,Cu,clean,Y,Y,Y,,N,,,,,,,,,,,
BAMKIM_clean,6.79615,5.75134,6.79615,1.10764,1482.92,1338.8,0,0,0.5666,0.511536,0,Cu,Yes,Cu,clean,Y,Y,Y,,N,,,,,,,,,,,
BAMKOS_clean,6.76349,5.81846,6.76349,1.11335,1511.81,1357.89,0,0,0.5736,0.515203,0,Cu,Yes,Cu,clean,Y,Y,Y,,N,,,,,,,,,,,
BAZFUF_clean,20.24597,8.58384,20.24597,0.340053,1825.41,5368.02,0,0,0.8648,2.54313,0,Cu,Yes,Cu,clean,Y,Y,Y,,N,,,,,,,,,,,
BAZFUF01_clean,20.14565,8.54605,20.14565,0.342062,1831.33,5353.8,0,0,0.863,2.52293,0,Cu,Yes,Cu,clean,Y,Y,Y,,N,,,,,,,,,,,
BAZGAM_clean,42.79818,24.24061,42.79818,0.126526,810.47,6405.57,0,0,0.9392,7.42299,0,Cu,Yes,Cu,clean,Y,Y,Y,,N,,,,,,,,,,,
BAZGEQ_clean,27.24034,13.9632,26.75245,0.334895,1602.49,4785.05,0,0,0.8624,2.57514,0,Cu,Yes,Cu,clean,Y,Y,Y,,N,,,,,,,,,,,
BELJIL_clean,7.21036,5.21436,7.21036,1.28754,867.89,674.07,0,0,0.459,0.356494,0,Cu,Yes,Cu,clean,Y,Y,Y,,N,,,,,,,,,,,
BEVWAB_clean,10.82145,10.4749,10.82145,1.13595,1606.82,1414.52,0,0,0.6172,0.543335,0,"Cu,Zn",Yes,Cu,clean,Y,Y,Y,,N,,,,,,,,,,,
BEXVEH_clean,9.97626,6.15688,9.95158,0.782835,2372.61,3030.79,0,0,0.7306,0.933274,0,Cu,Yes,Cu,clean,Y,Y,Y,,N,,,,,,,,,,,
BIDPOV_clean,11.29156,6.79888,11.29156,0.619303,2469.5,3987.54,0,0,0.7532,1.21621,0,Cu,Yes,Cu,clean,Y,Y,Y,,N,,,,,,,,,,,
BIFGOO_clean,10.87246,9.01928,10.87246,1.75205,1220.8,696.781,0,0,0.5534,0.315858,0,"Cu,K",Yes,Cu,clean,Y,Y,Y,,N,,,,,,,,,,,
BINROH_clean,21.31368,10.23686,21.31368,0.503862,1906.53,3783.82,0,0,0.7964,1.58059,0,Cu,Yes,Cu,clean,Y,Y,Y,,N,,,,,,,,,,,
BIPSUQ_clean,18.61448,16.92881,18.61448,0.43749,1960.32,4480.84,0,0,0.8374,1.9141,0,Cu,Yes,Cu,clean,Y,Y,Y,,N,,,,,,,,,,,
BIWSEG_ion_b,29.73511,11.96997,29.73511,0.466941,1434.98,3073.15,0,0,0.843,1.80537,0,Cu,Yes,Cu,ion_b,Y,Y,Y,,N,,,,,,,,,,,
BODPAN_clean,13.14982,6.66414,13.13307,0.888078,2105.25,2370.57,0,0,0.7242,0.815469,0,Cu,Yes,Cu,clean,Y,Y,Y,,N,,,,,,,,,,,
BOWNUY_clean,15.52711,9.99848,15.50545,0.770284,1323.45,1718.13,449.917,584.092,0.7344,0.953414,0,Cu,Yes,Cu,clean,Y,Y,Y,,N,,,,,,,,,,,
BOYCEY_auto,12.37213,6.12785,11.76706,0.613909,2396.05,3902.93,0,0,0.7532,1.22689,0,Cu,Yes,Cu,auto,Y,Y,Y,,N,,,,,,,,,,,
BUXNOZ_clean,11.48655,6.30332,11.4793,0.804674,2171.28,2698.33,0,0,0.7258,0.90198,0,Cu,Yes,Cu,clean,Y,Y,Y,,N,,,,,,,,,,,
c4ce00408f_c4ce00408f2_clean,12.62762,5.23882,12.62762,1.04827,1808.67,1725.39,210.803,201.096,0.6818,0.650406,0,Cu,Yes,Cu,clean,Y,N,Y,,Y,ZOFDUV,Y,22/04/2014,10.1039/c4ce00408f,"1 SI, 3 Structure",ZOFDUV,SODPIM,SODQOT,ZOFDUV,,
c5cc10203k_c5cc10203k2_clean,16.11055,7.03802,16.11055,0.497,2186.45,4399.29,0,0,0.7782,1.5658,0,Cu,Yes,Cu,clean,Y,N,Y,,Y,WAJDUJ,Y,10/12/2015,10.1039/c5cc10203k,"1 SI, 5 Structure",WAJDUJ,WAHKUO,WAHNEB,WAHNIF,WAHNOL,WAJDUJ
c6ce00407e_c6ce00407e1_clean,15.77585,8.21654,15.76128,0.595584,2156.28,3620.44,0,0,0.7746,1.30057,0,Cu,Yes,Cu,clean,Y,N,Y,,N,,N,,,,,,,,,
c6ce00407e_c6ce00407e2_clean,12.56279,7.41464,12.35901,0.699904,2125.04,3036.19,0,0,0.7334,1.04786,0,Cu,Yes,Cu,clean,Y,N,Y,,N,,N,,,,,,,,,
c6ce00407e_c6ce00407e3_clean,12.83222,6.18664,12.83222,0.918215,2210.46,2407.34,0,0,0.7204,0.784565,0,Cu,Yes,Cu,clean,Y,N,Y,,N,,N,,,,,,,,,
c6ce00407e_c6ce00407e7_clean,33.68342,15.87888,33.68342,0.207465,1336.6,6442.53,0,0,0.9124,4.39786,0,Cu,Yes,Cu,clean,Y,N,Y,,N,,N,,,,,,,,,
c6ce00407e_c6ce00407e9_clean,13.32178,10.04301,13.32178,0.313342,1952.24,6230.37,0,0,0.8528,2.72162,0,Cu,Yes,Cu,clean,Y,N,Y,,N,,N,,,,,,,,,
CAJQEL_clean,13.93661,8.23046,13.93661,0.705662,2053.08,2909.44,0,0,0.7554,1.07048,0,Cu,Yes,Cu,clean,Y,Y,Y,,N,,,,,,,,,,,
CAJQIP_clean,13.27741,7.61293,13.27741,0.545408,2173.64,3985.35,0,0,0.787,1.44296,0,Cu,Yes,Cu,clean,Y,Y,Y,,N,,,,,,,,,,,
CECVAI_clean,8.49795,6.03194,7.93874,0.769652,2649.07,3441.9,0,0,0.7384,0.959394,0,Cu,Yes,Cu,clean,Y,Y,Y,,N,,,,,,,,,,,
CETHEQ_clean,9.71439,7.35018,9.71439,1.06464,1786.46,1678,0,0,0.68,0.638714,0,Cu,Yes,Cu,clean,Y,Y,Y,,N,,,,,,,,,,,
cg301577a_si_002_clean,13.79617,7.99146,13.47475,0.563648,2128.96,3777.11,0,0,0.7834,1.38987,0,Cu,Yes,Cu,clean,Y,N,Y,,Y,XICKOL,Y,"	12/07/2012",10.1021/cg301577a,"1 SI, 1 Structure",XICKOL,,,,,
cg400449c_si_001_clean,12.65792,7.41339,12.43712,0.667569,2346.54,3515.05,0,0,0.7554,1.13157,0,Cu,Yes,Cu,clean,Y,N,Y,,Y,KIRFOI,Y,20/02/2013,10.1021/cg400449c,"1 SI, 1 Structure",KIRFOI,,,,,
cg401887b_si_004_clean,8.20931,6.61957,8.1877,0.786825,2323.24,2952.68,0,0,0.7066,0.898039,0,Cu,Yes,Cu,clean,Y,N,Y,,Y,FIZQAI,Y,13/11/2013,10.1021/cg401887b,"1 SI, 1 Structure",FIZQAI,,,,,
cg500175k_si_001_auto,20.37708,9.90922,20.37708,0.51525,1882.27,3653.11,0,0,0.821,1.5934,0,Cu,Yes,Cu,auto,Y,N,Y,,Y,XOGQOB,Y,04/12/2013,10.1021/cg500175k,"1 SI, 2 Structure",XOGQOB,XOGQOB,XOGQUH,,,
cg501730q_si_002_clean,15.26084,10.84338,15.26084,0.834696,1931.13,2313.57,0,0,0.7224,0.865465,0,Cu,Yes,Cu,clean,Y,N,Y,,Y,RUGKIP,Y,18/09/2015,10.1021/cg501730q,"1 SI, 1 Structure",KUPTIA,,,,,
CIDKUX_clean,9.17673,8.30352,9.17673,1.04661,1668.34,1594.05,0,0,0.6532,0.624113,0,Cu,Yes,Cu,clean,Y,Y,Y,,N,,,,,,,,,,,
CIRTUU_clean,15.60203,7.15132,15.60203,0.583758,2414.48,4136.1,0,0,0.7788,1.33412,0,Cu,Yes,Cu,clean,Y,Y,Y,,N,,,,,,,,,,,
cm501138g_si_002_clean,13.2781,6.68961,13.2781,0.886331,2090.67,2358.79,0,0,0.7192,0.811435,0,Cu,Yes,Cu,clean,Y,N,Y,,Y,DOTSOV43,Y,13/02/2015,10.1021/cm501138g,"1 SI, 1 Structure",DOTSOV43,,,,,
cm501138g_si_005_clean,13.193,6.5701,13.193,0.888496,2142.98,2411.92,0,0,0.7196,0.809908,0,Cu,Yes,Cu,clean,Y,N,Y,,Y,YOZMOR,Y,13/02/2015,10.1021/cm501138g,"1 SI, 1 Structure",YOZMOR,,,,,
cm501138g_si_006_clean,13.20287,6.64275,13.20287,0.881027,2105.19,2389.47,0,0,0.7198,0.817001,0,Cu,Yes,Cu,clean,Y,N,Y,,Y,YOZMUX,Y,13/02/2015,10.1021/cm501138g,"1 SI, 1 Structure",YOZMUX,,,,,
cm501138g_si_008_clean,13.18132,6.60546,13.18132,0.885001,2136.53,2414.16,0,0,0.72,0.813558,0,Cu,Yes,Cu,clean,Y,N,Y,,Y,YOZNEI,Y,13/02/2015,10.1021/cm501138g,"1 SI, 1 Structure",YOZNEI,,,,,
cm501138g_si_009_clean,13.19195,6.68183,13.19195,0.878773,2116.69,2408.69,0,0,0.7208,0.820234,0,Cu,Yes,Cu,clean,Y,N,Y,,Y,YOZNIM,Y,13/02/2015,10.1021/cm501138g,"1 SI, 1 Structure",YOZNIM,,,,,
cm501138g_si_010_clean,13.19966,6.69993,13.19966,0.880672,2105.24,2390.49,0,0,0.7198,0.81733,0,Cu,Yes,Cu,clean,Y,N,Y,,Y,YOZNOS,Y,13/02/2015,10.1021/cm501138g,"1 SI, 1 Structure",YOZNOS,,,,,
cm501138g_si_011_clean,13.25601,6.66924,13.25601,0.875822,2120.67,2421.34,0,0,0.7216,0.823911,0,Cu,Yes,Cu,clean,Y,N,Y,,Y,YOZNUY,Y,13/02/2015,10.1021/cm501138g,"1 SI, 1 Structure",YOZNUY,,,,,
cm501138g_si_012_clean,13.22876,6.69209,13.22876,0.883303,2102.85,2380.67,0,0,0.72,0.815122,0,Cu,Yes,Cu,clean,Y,N,Y,,Y,YOZPAG,Y,13/02/2015,10.1021/cm501138g,"1 SI, 1 Structure",YOZPAG,,,,,
COCNEP_clean,10.13832,6.56369,10.13026,0.615207,2370.03,3852.42,0,0,0.7534,1.22463,0,"Cu,Si",Yes,Cu,clean,Y,Y,Y,,N,,,,,,,,,,,
COKMOG_clean,11.40307,10.64671,11.37943,1.32388,1550.85,1171.45,0,0,0.6382,0.482069,0,Cu,Yes,Cu,clean,Y,Y,Y,,N,,,,,,,,,,,
COKQAW_clean,11.31709,10.61593,11.31663,1.308,1523.61,1164.84,0,0,0.6476,0.495108,0,Cu,Yes,Cu,clean,Y,Y,Y,,N,,,,,,,,,,,
COTYIV_clean,9.63817,7.84231,9.63817,0.968257,1898.84,1961.09,0,0,0.697,0.71985,0,Cu,Yes,Cu,clean,Y,Y,Y,,N,,,,,,,,,,,
CUNFOH_clean,9.05758,5.6508,9.05758,1.63668,1779.69,1087.38,0,0,0.6298,0.384804,0,Cu,Yes,Cu,clean,Y,Y,Y,,N,,,,,,,,,,,
CUNFOH01_clean,8.64942,5.76711,8.00067,1.65261,1750.49,1059.23,0,0,0.639,0.38666,0,Cu,Yes,Cu,clean,Y,Y,Y,,N,,,,,,,,,,,
CUPHUS_clean,7.45968,5.41366,5.85768,0.680928,2377.88,3492.12,0,0,0.7016,1.03036,0,Cu,Yes,Cu,clean,Y,Y,Y,,N,,,,,,,,,,,
CUQTAL_clean,8.5131,5.3048,8.50413,0.597247,2569.07,4301.52,0,0,0.7222,1.20921,0,Cu,Yes,Cu,clean,Y,Y,Y,,N,,,,,,,,,,,
CUSDIE_charged,13.09537,5.58136,13.09537,1.02039,1738.3,1703.57,0,0,0.6724,0.658965,0,Cu,Yes,Cu,charged,Y,Y,Y,,N,,,,,,,,,,,
DACFAR_clean,7.28891,6.40353,7.28891,0.848239,1646.33,1940.88,0,0,0.624,0.735642,0,Cu,Yes,Cu,clean,Y,Y,Y,,N,,,,,,,,,,,
DAKVUI_clean,10.79495,6.61419,10.65384,0.825495,2120.6,2568.89,0,0,0.704,0.852822,0,Cu,Yes,Cu,clean,Y,Y,Y,,N,,,,,,,,,,,
DANZID_charged,9.96795,8.48591,9.92826,0.966412,1751.92,1812.81,0,0,0.633,0.655,0,"Cd,Cu",Yes,Cu,charged,Y,Y,Y,,N,,,,,,,,,,,
DAWWAB_clean,9.11595,5.71973,9.11595,1.61188,1283.24,796.112,0,0,0.5532,0.343202,0,Cu,Yes,Cu,clean,Y,Y,Y,,N,,,,,,,,,,,
DICKEH_clean,12.83987,7.4101,12.68863,0.522471,2354.64,4506.73,0,0,0.796,1.52353,0,Cu,Yes,Cu,clean,Y,Y,Y,,N,,,,,,,,,,,
DIHVIB_clean,13.27896,6.89092,13.26587,0.883073,2036.2,2305.8,0,0,0.7186,0.813749,0,Cu,Yes,Cu,clean,Y,Y,Y,,N,,,,,,,,,,,
DIHVIB01_clean,13.18363,6.64307,13.17065,0.881735,2096.71,2377.93,0,0,0.7124,0.807952,0,Cu,Yes,Cu,clean,Y,Y,Y,,N,,,,,,,,,,,
DOLXOR_clean,6.62226,5.36537,6.62226,1.08651,2583.31,2377.63,0,0,0.7438,0.684577,0,Cu,Yes,Cu,clean,Y,Y,Y,,N,,,,,,,,,,,
DOLXOR01_clean,6.62435,5.36027,6.62435,1.08308,2578.79,2380.98,0,0,0.7368,0.68028,0,Cu,Yes,Cu,clean,Y,Y,Y,,N,,,,,,,,,,,
DOLXOR02_clean,6.63462,5.37244,6.6246,1.07895,2591.9,2402.25,0,0,0.7454,0.690858,0,Cu,Yes,Cu,clean,Y,Y,Y,,N,,,,,,,,,,,
DOPHOH_clean,12.12577,5.64086,12.12577,0.985409,1409.44,1430.31,390.474,396.256,0.664,0.673832,0,Cu,Yes,Cu,clean,Y,Y,Y,,N,,,,,,,,,,,
DOPHUN_clean,12.13355,5.61514,12.13355,0.984545,1406.36,1428.44,392.743,398.909,0.6676,0.67808,0,Cu,Yes,Cu,clean,Y,Y,Y,,N,,,,,,,,,,,
DOPJAV_clean,7.55824,6.21149,7.55824,1.32954,1214.76,913.669,0,0,0.54,0.406156,0,Cu,Yes,Cu,clean,Y,Y,Y,,N,,,,,,,,,,,
DOTFID_clean,9.22988,5.76129,9.20339,0.797235,1784.74,2238.66,0,0,0.64,0.802774,0,Cu,Yes,Cu,clean,Y,Y,Y,,N,,,,,,,,,,,
DUGMOJ_clean,13.15947,6.68014,13.15947,1.04413,1452.16,1390.78,0,0,0.5972,0.571957,0,Cu,Yes,Cu,clean,Y,Y,Y,,N,,,,,,,,,,,
EBAMUS_clean,12.94449,5.39251,12.9279,1.04643,2056.89,1965.62,0,0,0.6866,0.656136,0,Cu,Yes,Cu,clean,Y,Y,Y,,N,,,,,,,,,,,
EBATUZ_clean,12.21806,7.03158,12.21806,0.59675,2360.49,3955.57,0,0,0.7812,1.30909,0,Cu,Yes,Cu,clean,Y,Y,Y,,N,,,,,,,,,,,
EBAVAH_auto,14.10999,7.45371,14.02692,0.571355,2267.46,3968.58,0,0,0.776,1.35818,0,Cu,Yes,Cu,auto,Y,Y,Y,,N,,,,,,,,,,,
EBIZUN_clean,10.22426,8.07829,10.22419,0.790487,2342.19,2962.97,0,0,0.7238,0.915638,0,Cu,Yes,Cu,clean,Y,Y,Y,,N,,,,,,,,,,,
EDAPIK_clean_h,7.09885,6.53196,7.09077,0.672755,2256.65,3354.34,0.591427,0.879112,0.6938,1.03128,0,Cu,Yes,Cu,clean_h,N,Y,Y,,N,,,,,,,,,,,
EFAYEQ_clean_h,11.33412,8.20992,11.33412,0.445208,2301.41,5169.29,0,0,0.8028,1.8032,0,Cu,Yes,Cu,clean_h,N,Y,Y,,N,,,,,,,,,,,
EGOZAB_clean,7.0311,5.28936,7.0311,1.03834,1885.29,1815.68,0,0,0.6226,0.599612,0,Cu,Yes,Cu,clean,Y,Y,Y,,N,,,,,,,,,,,
EJOQUR_clean,11.95194,5.10518,11.95194,0.926552,1894.67,2044.86,37.9561,40.9649,0.6978,0.753115,0,Cu,Yes,Cu,clean,Y,Y,Y,,N,,,,,,,,,,,
EJOZOU_clean,6.49751,6.10381,6.49751,1.26256,795.165,629.804,0.0342194,0.0271032,0.4812,0.38113,0,Cu,Yes,Cu,clean,Y,Y,Y,,N,,,,,,,,,,,
EKUPEG_clean,12.15079,8.26476,12.15067,0.865202,1608.01,1858.54,0,0,0.685,0.791723,0,Cu,Yes,Cu,clean,Y,Y,Y,,N,,,,,,,,,,,
ELEREU_clean,15.53932,10.30838,15.53932,0.773652,1743.51,2253.61,0,0,0.7078,0.914882,0,Cu,Yes,Cu,clean,Y,Y,Y,,N,,,,,,,,,,,
ELERIY_clean,13.06874,6.51652,13.06768,0.765708,2243.35,2929.77,0,0,0.7112,0.928814,0,Cu,Yes,Cu,clean,Y,Y,Y,,N,,,,,,,,,,,
EMUBIZ_clean,10.77303,6.68088,10.77303,1.37229,1702.91,1240.92,117.774,85.8232,0.672,0.489692,0.000145742,Cu,Yes,Cu,clean,Y,Y,Y,,N,,,,,,,,,,,
EMUBOF_clean,9.89745,6.63764,9.89048,1.19874,1975.94,1648.35,0,0,0.6738,0.562089,0,Cu,Yes,Cu,clean,Y,Y,Y,,N,,,,,,,,,,,
ENESOH_clean,8.38054,5.7847,8.27724,0.639206,2434.82,3809.13,4.9539,7.75009,0.7442,1.16426,0,Cu,Yes,Cu,clean,Y,Y,Y,,N,,,,,,,,,,,
ENIHUG_clean,13.82069,6.83124,13.8201,0.581484,2340.51,4025.06,0,0,0.7906,1.35962,0,Cu,Yes,Cu,clean,Y,Y,Y,,N,,,,,,,,,,,
ENIHUG01_clean,13.78566,6.83219,13.78098,0.585033,2323.11,3970.91,0,0,0.7686,1.31377,0,Cu,Yes,Cu,clean,Y,Y,Y,,N,,,,,,,,,,,
ENITAX_clean,10.08149,7.22011,10.08149,0.573061,2335.96,4076.29,0,0,0.7798,1.36076,0,"Cu,Si",Yes,Cu,clean,Y,Y,Y,,N,,,,,,,,,,,
EPISOM_clean,12.63938,6.49016,12.62405,0.677616,2253.72,3325.96,0,0,0.7494,1.10594,0,Cu,Yes,Cu,clean,Y,Y,Y,,N,,,,,,,,,,,
EPOTAF_clean,7.63453,6.61136,7.601,0.575241,2982.7,5185.13,0,0,0.779,1.35421,0,Cu,Yes,Cu,clean,Y,Y,Y,,N,,,,,,,,,,,
EQETAX_clean,6.01885,5.05908,5.99018,0.890782,1989.22,2233.11,0,0,0.6458,0.724981,0,Cu,Yes,Cu,clean,Y,Y,Y,,N,,,,,,,,,,,
ERIWAF_clean,10.65116,5.48487,10.46238,0.840538,2241.03,2666.18,0,0,0.709,0.843508,0,Cu,Yes,Cu,clean,Y,Y,Y,,N,,,,,,,,,,,
EVEGUH_clean,6.67679,5.04188,6.67679,1.28811,935.874,726.551,97.6899,75.84,0.5222,0.405402,0,Cu,Yes,Cu,clean,Y,Y,Y,,N,,,,,,,,,,,
EXAXAE_clean,10.76753,6.65722,10.58024,1.36537,1690.78,1238.34,127.443,93.34,0.6754,0.494666,0,Cu,Yes,Cu,clean,Y,Y,Y,,N,,,,,,,,,,,
EXAXAE01_clean,10.9668,6.77359,10.9668,1.34773,1718.01,1274.74,128.947,95.6773,0.6772,0.502475,0,Cu,Yes,Cu,clean,Y,Y,Y,,N,,,,,,,,,,,
EXOZIB_clean,8.81916,5.67239,8.81916,0.860889,2066.43,2400.34,0,0,0.7104,0.825193,0,Cu,Yes,Cu,clean,Y,Y,Y,,N,,,,,,,,,,,
FAGQAI_clean,13.61199,8.61498,13.60121,0.481098,2019.32,4197.32,0,0,0.7864,1.63459,0,Cu,Yes,Cu,clean,Y,Y,Y,,N,,,,,,,,,,,
FAMPUH_clean,14.29727,6.50644,14.29727,0.67257,2359.31,3507.91,0,0,0.7568,1.12524,0,Cu,Yes,Cu,clean,Y,Y,Y,,N,,,,,,,,,,,
FAMQAO_clean,14.19972,6.54893,14.18609,0.666736,2302.24,3453,0,0,0.7576,1.13628,0,Cu,Yes,Cu,clean,Y,Y,Y,,N,,,,,,,,,,,
FAMQES_clean,13.92314,6.55268,13.92314,0.674226,2354.83,3492.63,0,0,0.7532,1.11713,0,Cu,Yes,Cu,clean,Y,Y,Y,,N,,,,,,,,,,,
FASVIH_clean,7.36263,6.76595,7.35007,1.28937,1714.12,1329.42,0,0,0.6144,0.476511,0,Cu,Yes,Cu,clean,Y,Y,Y,,N,,,,,,,,,,,
FATQID_clean,11.53016,8.55287,11.53016,0.606791,2204.88,3633.67,0,0,0.8008,1.31973,0,Cu,Yes,Cu,clean,Y,Y,Y,,N,,,,,,,,,,,
FEBXIV_clean,17.28638,15.74639,17.27933,0.293688,1491.04,5076.95,0,0,0.8788,2.99229,0,Cu,Yes,Cu,clean,Y,Y,Y,,N,,,,,,,,,,,
FECXES_clean,10.76463,6.58995,10.58338,0.833076,2133.05,2560.44,0,0,0.7044,0.845541,0,Cu,Yes,Cu,clean,Y,Y,Y,,N,,,,,,,,,,,
FEWQIJ_manual,5.32147,5.14959,5.31527,2.34625,1158.3,493.681,0,0,0.4776,0.203559,0,"Dy,Cu",Yes,Cu,manual,Y,Y,Y,,N,,,,,,,,,,,
FEWQOP_clean,5.35536,5.19712,5.35116,2.28568,1163.85,509.19,0,0,0.467,0.204315,0,"Cu,Gd",Yes,Cu,clean,Y,Y,Y,,N,,,,,,,,,,,
FIBKEI_clean,12.33456,6.95883,12.32864,0.708252,2274.88,3211.97,0,0,0.7362,1.03946,0,Cu,Yes,Cu,clean,Y,Y,Y,,N,,,,,,,,,,,
FIMYUX_clean,8.65094,5.25908,8.63733,1.14098,1847.33,1619.08,0,0,0.6182,0.541817,0,Cu,Yes,Cu,clean,Y,Y,Y,,N,,,,,,,,,,,
FIMZAE_clean,8.7496,5.24839,8.73677,1.17241,1659.79,1415.71,0,0,0.6,0.511765,0,Cu,Yes,Cu,clean,Y,Y,Y,,N,,,,,,,,,,,
FIRZOX_clean,8.47321,7.4886,8.47321,1.47389,1193.71,809.905,0,0,0.5488,0.372348,0,"Cu,Ce",Yes,Cu,clean,Y,Y,Y,,N,,,,,,,,,,,
FOQPAE_clean,6.29792,5.29972,6.23782,1.24637,1399.4,1122.77,0,0,0.5656,0.453796,0,Cu,Yes,Cu,clean,Y,Y,Y,,N,,,,,,,,,,,
FUQJUX_clean,12.69722,8.47633,12.65144,0.718278,2115.98,2945.9,0,0,0.7464,1.03915,0,Cu,Yes,Cu,clean,Y,Y,Y,,N,,,,,,,,,,,
GADNUX_clean,15.43787,6.70397,14.77017,0.729552,2339.56,3206.84,0,0,0.7494,1.02721,0,Cu,Yes,Cu,clean,Y,Y,Y,,N,,,,,,,,,,,
GAFRUD_clean,10.59453,5.69918,10.59344,0.768776,2454.62,3192.89,0,0,0.7144,0.929269,0,Cu,Yes,Cu,clean,Y,Y,Y,,N,,,,,,,,,,,
GAGZEV_clean,28.66522,11.53771,28.66522,0.279149,1594.77,5712.98,0,0,0.8816,3.15817,0,Cu,Yes,Cu,clean,Y,Y,Y,,N,,,,,,,,,,,
GEGDED_clean,10.73095,6.57358,10.72652,0.838883,2111.23,2516.71,0,0,0.6964,0.830152,0,Cu,Yes,Cu,clean,Y,Y,Y,,N,,,,,,,,,,,
GERPUP_clean,8.51519,7.38328,8.51519,1.47529,1095.68,742.686,1.06498,0.721878,0.5678,0.384873,0,"Cu,Sm",Yes,Cu,clean,Y,Y,Y,,N,,,,,,,,,,,
GERWEH_clean,9.16485,6.64251,9.16485,1.11428,1571.66,1410.47,39.9079,35.815,0.625,0.560902,0,"Cu,Si",Yes,Cu,clean,Y,Y,Y,,N,,,,,,,,,,,
GOSBOH_clean,10.37122,8.95436,10.37122,0.787001,1611.54,2047.69,0,0,0.6654,0.845489,0,Cu,Yes,Cu,clean,N,Y,Y,,N,,,,,,,,,,,
GUHMIH_clean,13.3149,6.32995,13.3149,0.498432,2835.47,5688.77,0,0,0.778,1.5609,0,Cu,Yes,Cu,clean,Y,Y,Y,,N,,,,,,,,,,,
GUJREK_clean,6.69718,6.09535,6.69718,1.23624,986.103,797.665,80.349,64.9948,0.5296,0.428397,0,Cu,Yes,Cu,clean,Y,Y,Y,,N,,,,,,,,,,,
GUJREK01_clean,6.68707,6.10275,6.68707,1.23624,984.626,796.47,83.5539,67.5873,0.5306,0.429206,0,Cu,Yes,Cu,clean,Y,Y,Y,,N,,,,,,,,,,,
GUPBEZ02_clean,23.87093,10.84779,23.87093,0.911245,1630.75,1789.58,0,0,0.8024,0.880553,0,Cu,Yes,Cu,clean,Y,Y,Y,,N,,,,,,,,,,,
HABQUY_clean,25.71531,12.0883,18.82078,0.289452,1646.58,5688.62,0,0,0.8738,3.01881,0,Cu,Yes,Cu,clean,Y,Y,Y,,N,,,,,,,,,,,
HABRAF_manual,24.30948,9.03515,24.30948,0.38234,1867.98,4885.64,0,0,0.8462,2.21321,0,Cu,Yes,Cu,manual,Y,Y,Y,,N,,,,,,,,,,,
HAJMIQ_clean,13.26244,6.64572,13.26244,0.873197,2121.07,2429.08,0,0,0.7212,0.825931,0,Cu,Yes,Cu,clean,Y,Y,Y,,N,,,,,,,,,,,
HAQJIV_clean,10.92187,6.16089,10.13253,0.730979,2352.02,3217.63,0,0,0.744,1.01781,0,Cu,Yes,Cu,clean,Y,Y,Y,,N,,,,,,,,,,,
HAVVUX_clean,8.34589,6.74867,8.34589,2.21863,955.771,430.794,0,0,0.5032,0.226807,0,Cu,Yes,Cu,clean,Y,Y,Y,,N,,,,,,,,,,,
HAXMUP_clean,8.05193,5.7692,8.05193,1.0871,1247.11,1147.19,0,0,0.6042,0.555788,0,Cu,Yes,Cu,clean,Y,Y,Y,,N,,,,,,,,,,,
HEDCIE_clean,6.94357,6.25435,6.88861,1.02856,1661.58,1615.44,0,0,0.5918,0.575367,0,Cu,Yes,Cu,clean,Y,Y,Y,,N,,,,,,,,,,,
HEXVEM_clean,28.43131,15.91754,28.43131,0.251734,1350.35,5364.2,0,0,0.895,3.55533,0,Cu,Yes,Cu,clean,Y,Y,Y,,N,,,,,,,,,,,
HIFGEK_clean,6.30554,5.14447,6.30011,1.31758,1695.15,1286.57,0,0,0.5682,0.431246,0,"W,Cu",Yes,Cu,clean,Y,Y,Y,,N,,,,,,,,,,,
HIYGIH_clean,17.06952,6.66429,17.06948,0.730619,2158.98,2955.01,0,0,0.7424,1.01613,0,Cu,Yes,Cu,clean,Y,Y,Y,,N,,,,,,,,,,,
HOFJIX_clean,9.75671,8.56589,9.45457,1.06294,1335.32,1256.25,0,0,0.5826,0.548103,0,"Cu,La",Yes,Cu,clean,Y,Y,Y,,N,,,,,,,,,,,
HOGLEV_clean,14.03402,9.0463,14.02308,0.76193,2112.49,2772.55,0,0,0.7494,0.983555,0,Cu,Yes,Cu,clean,Y,Y,Y,,N,,,,,,,,,,,
HOGLEV01_clean,9.50106,5.60478,9.50106,0.851383,2390.76,2808.08,0,0,0.7012,0.823601,0,Cu,Yes,Cu,clean,Y,Y,Y,,N,,,,,,,,,,,
HULCOI_clean,19.48655,7.36184,19.24065,0.593799,2227.14,3750.66,0,0,0.7806,1.31459,0,Cu,Yes,Cu,clean,Y,Y,Y,,N,,,,,,,,,,,
HUQGUX_clean,10.2361,7.27261,10.14502,0.69251,1823.51,2633.19,0,0,0.6952,1.00388,0,Cu,Yes,Cu,clean,Y,Y,Y,,N,,,,,,,,,,,
HUXWAY_clean,8.32795,7.15006,8.32795,1.52785,1060.51,694.117,0,0,0.5724,0.374644,0,"Cu,Tb",Yes,Cu,clean,Y,Y,Y,,N,,,,,,,,,,,
ic102347b_si_001_clean,7.286,6.24859,7.286,0.867522,2138.17,2464.68,0,0,0.647,0.745803,0,Cu,Yes,Cu,clean,Y,N,Y,,Y,UWUQEJ,Y,22/06/2010,10.1021/ic102347b,"1 SI, 1 Structure",UWUQEJ,,,,,
ic502921j_si_002_clean,10.79969,7.20507,10.77322,1.03513,1844.88,1782.26,0,0,0.6792,0.656147,0,Cu,Yes,Cu,clean,Y,N,Y,,Y,JUHNIL,Y,19/10/2014,10.1021/ic502921j,"1 SI, 1 Structure",JUHNIL,,,,,
ic5b00194_si_002_clean,8.53834,6.535,8.52358,0.823713,2522.95,3062.9,0,0,0.705,0.85588,0,Cu,Yes,Cu,clean,Y,N,Y,,Y,DORNAB,Y,29/09/2014,10.1021/acs.inorgchem.5b00194,"1 SI, 1 Structure",DORNAB,,,,,
ICAGOK_clean,8.74413,5.00268,8.74413,0.838204,1937.33,2311.28,0,0,0.645,0.769503,0,Cu,Yes,Cu,clean,Y,Y,Y,,N,,,,,,,,,,,
IDAGEA_charged,6.40396,5.9816,6.40396,1.07446,1281.71,1192.89,0,0,0.5302,0.493458,0,Cu,Yes,Cu,charged,Y,Y,Y,,N,,,,,,,,,,,
IDORAW_clean,10.66058,7.94571,10.64148,0.758358,1989.66,2623.65,0,0,0.7566,0.997682,0,"Cu,Mn",Yes,Cu,clean,Y,Y,Y,,N,,,,,,,,,,,
IKETIB_clean,13.18345,6.57771,10.98623,0.873765,2179.56,2494.44,0,0,0.722,0.826309,0,Cu,Yes,Cu,clean,Y,Y,Y,,N,,,,,,,,,,,
IKETOH_manual,13.20001,6.4144,13.20001,0.879595,2120.61,2410.89,0,0,0.713,0.810601,0,Cu,Yes,Cu,manual,Y,Y,Y,,N,,,,,,,,,,,
IKETUN_clean,13.22557,6.52759,13.22557,0.869317,2182.06,2510.09,0,0,0.7238,0.832608,0,Cu,Yes,Cu,clean,Y,Y,Y,,N,,,,,,,,,,,
ITIPOS_clean,9.85225,8.07125,9.85225,1.06602,1798.13,1686.76,17.9557,16.8436,0.664,0.622875,0,"Ca,Cu",Yes,Cu,clean,Y,Y,Y,,N,,,,,,,,,,,
IVETOT_clean,10.10291,7.15637,9.84044,0.681717,1733.15,2542.34,0,0,0.6842,1.00364,0,Cu,Yes,Cu,clean,Y,Y,Y,,N,,,,,,,,,,,
IWEVAJ_clean,13.76426,6.67603,13.76426,0.642349,2372.68,3693.76,0,0,0.7784,1.2118,0,Cu,Yes,Cu,clean,Y,Y,Y,,N,,,,,,,,,,,
IXAKAU_clean,6.35523,5.9549,6.33797,0.780645,2644.49,3387.58,0,0,0.7136,0.914116,0,Cu,Yes,Cu,clean,Y,Y,Y,,N,,,,,,,,,,,
IYEHAX_clean,8.64445,5.92674,8.64445,0.762449,2402.32,3150.79,0,0,0.7046,0.924127,0,Cu,Yes,Cu,clean,Y,Y,Y,,N,,,,,,,,,,,
ja109659k_si_002_clean,11.09415,6.65734,11.09415,1.14966,1274.48,1108.58,493.769,429.493,0.6432,0.559472,0,Cu,Yes,Cu,clean,Y,N,Y,,Y,EWESEF,Y,11/01/2009,10.1021/ja109659k,"1 SI, 1 Structure",EWESEF,,,,,
jacs.5b12516_ja5b12516_si_002_clean,8.05832,6.63779,8.05832,1.47307,1756.87,1192.66,0,0,0.6028,0.409213,0.000135771,Cu,Yes,Cu,clean,Y,N,Y,,Y,TAFTOM,Y,03/07/2015,10.1021/jacs.5b12516,"1 SI, 1 Structure",TAFTOM,,,,,
jacs.5b12516_ja5b12516_si_003_clean,8.53606,6.74383,8.51304,1.39796,1816.6,1299.47,0,0,0.6282,0.44937,0,Cu,Yes,Cu,clean,Y,N,Y,,Y,TAFVAA,Y,03/07/2015,10.1021/jacs.5b12516,"1 SI, 1 Structure",TAFVAA,,,,,
jacs.5b12516_ja5b12516_si_004_clean,8.49651,6.78307,8.47146,1.40015,1810.97,1293.41,0,0,0.6308,0.450522,0,Cu,Yes,Cu,clean,Y,N,Y,,Y,TAFTUS,Y,03/07/2015,10.1021/jacs.5b12516,"1 SI, 1 Structure",TAFTUS,,,,,
JOCWIJ_clean,13.89765,5.51402,13.89722,0.824207,1875.6,2275.65,13.4154,16.2767,0.735,0.891766,0,Cu,Yes,Cu,clean,Y,Y,Y,,N,,,,,,,,,,,
JOFKIA_clean,6.957,5.13094,6.957,1.57886,1125.97,713.155,0,0,0.5264,0.333406,0,Cu,Yes,Cu,clean,Y,Y,Y,,N,,,,,,,,,,,
JOFKIA01_clean,6.88318,5.09054,6.88318,1.58969,1147.61,721.91,0,0,0.53,0.333399,0,Cu,Yes,Cu,clean,Y,Y,Y,,N,,,,,,,,,,,
JOWFOQ_clean,6.87554,6.2746,6.85501,1.0117,2308.98,2282.27,0,0,0.7136,0.705344,0,Cu,Yes,Cu,clean,Y,Y,Y,,N,,,,,,,,,,,
JUTCIM_clean,15.74073,14.87864,15.74073,0.734143,2013.05,2742.03,0,0,0.7486,1.01969,0,Cu,Yes,Cu,clean,Y,Y,Y,,N,,,,,,,,,,,
KADLOT_clean,9.00309,8.54299,8.9671,0.97843,1897.63,1939.47,0,0,0.6736,0.68845,0,Cu,Yes,Cu,clean,Y,Y,Y,,N,,,,,,,,,,,
KADLUZ_clean,14.27976,9.75466,14.27887,0.875377,1931.83,2206.85,0,0,0.6958,0.794857,0,Cu,Yes,Cu,clean,Y,Y,Y,,N,,,,,,,,,,,
KAHNOX_clean,6.67271,5.40663,6.66794,1.08519,2578.11,2375.72,0,0,0.741,0.682828,0,Cu,Yes,Cu,clean,Y,Y,Y,,N,,,,,,,,,,,
KAJZIH_clean,8.4847,6.59254,8.46458,1.73964,1004.17,577.227,0,0,0.4824,0.277298,0,Cu,Yes,Cu,clean,Y,Y,Y,,N,,,,,,,,,,,
KARNID_clean,13.04357,6.77607,13.04357,0.899644,2279.39,2533.66,0,0,0.69,0.76697,0,Cu,Yes,Cu,clean,Y,Y,Y,,N,,,,,,,,,,,
KIJRUS_clean,12.14192,7.10734,11.60914,0.697914,2309.15,3308.64,0,0,0.7064,1.01216,0,Cu,Yes,Cu,clean,Y,Y,Y,,N,,,,,,,,,,,
KIYXUN_clean,17.29009,12.6482,17.27598,0.96734,1415.77,1463.57,0.0532371,0.0550346,0.6946,0.718052,0,"Cu,Mn",Yes,Cu,clean,Y,Y,Y,,N,,,,,,,,,,,
KOJZEP_manual,15.61444,13.71841,15.61444,0.514247,2543.27,4945.62,0,0,0.7936,1.54323,0,Cu,Yes,Cu,manual,Y,Y,Y,,N,,,,,,,,,,,
KOJZIT_clean,16.19567,14.7503,16.19567,0.506406,2424.91,4788.47,0,0,0.7912,1.56238,0,Cu,Yes,Cu,clean,Y,Y,Y,,N,,,,,,,,,,,
KOZQEX_clean,22.4236,6.86083,22.4236,0.430914,1919,4453.33,0,0,0.8428,1.95584,0,Cu,Yes,Cu,clean,Y,Y,Y,,N,,,,,,,,,,,
KUDWAJ_clean,7.33926,6.28305,7.32227,0.91185,1922.64,2108.5,0,0,0.6474,0.709985,0,Cu,Yes,Cu,clean,Y,Y,Y,,N,,,,,,,,,,,
KUKMUA_clean,7.32298,5.66775,7.31573,1.18063,2218.14,1878.78,0,0,0.6574,0.556822,0,Cu,Yes,Cu,clean,Y,Y,Y,,N,,,,,,,,,,,
KUVMIZ_clean,15.75075,11.00764,15.73688,0.361001,1774.59,4915.74,0,0,0.8214,2.27534,0,"Cu,Si",Yes,Cu,clean,Y,Y,Y,,N,,,,,,,,,,,
KUXLUL_clean,5.74302,5.27685,5.74302,1.21834,2265.85,1859.79,0,0,0.629,0.516277,0,Cu,Yes,Cu,clean,Y,Y,Y,,N,,,,,,,,,,,
LACNUB_clean,10.94579,5.16973,10.93074,0.864094,1771.17,2049.74,0.852229,0.986269,0.6286,0.727467,0,Cu,Yes,Cu,clean,Y,Y,Y,,N,,,,,,,,,,,
LAPZIO_clean,15.30437,8.24294,15.30437,0.552463,2030.06,3674.57,0,0,0.7882,1.4267,0,Cu,Yes,Cu,clean,Y,Y,Y,,N,,,,,,,,,,,
LAQNID_clean,13.51443,6.53331,13.51443,0.653619,2236.32,3421.44,0,0,0.7516,1.1499,0,Cu,Yes,Cu,clean,Y,Y,Y,,N,,,,,,,,,,,
LARXUA_clean,21.8367,11.13953,21.8367,0.43704,1909.12,4368.3,0,0,0.8068,1.84605,0,Cu,Yes,Cu,clean,Y,Y,Y,,N,,,,,,,,,,,
LASDEQ_clean,13.8531,8.72821,13.84085,0.762381,2268.77,2975.9,0,0,0.7444,0.976415,0,Cu,Yes,Cu,clean,Y,Y,Y,,N,,,,,,,,,,,
LASRAB_clean,10.22208,8.47748,10.22208,0.840267,2115.15,2517.24,0,0,0.7808,0.929228,0,"Cu,Mn",Yes,Cu,clean,Y,Y,Y,,N,,,,,,,,,,,
LASREF_clean,11.04017,10.09881,11.0096,0.804882,1997.85,2482.17,0,0,0.781,0.970328,0,"Cu,Zn",Yes,Cu,clean,Y,Y,Y,,N,,,,,,,,,,,
LASRIJ_clean,11.13693,10.31061,11.1274,0.748964,1958.48,2614.92,0,0,0.808,1.07882,0,"Cu,Co",Yes,Cu,clean,Y,Y,Y,,N,,,,,,,,,,,
LAZXOB_clean,9.34691,6.36719,9.34691,1.04439,1784.83,1708.97,0,0,0.6322,0.605329,0,Cu,Yes,Cu,clean,Y,Y,Y,,N,,,,,,,,,,,
LECGIL_clean,10.08545,7.23049,10.05263,0.936646,2086.42,2227.54,0,0,0.727,0.776173,0,Cu,Yes,Cu,clean,Y,Y,Y,,N,,,,,,,,,,,
LEDLEN_clean,8.11845,6.60905,8.11698,0.914085,1985.25,2171.84,0,0,0.6552,0.716782,0,Cu,Yes,Cu,clean,Y,Y,Y,,N,,,,,,,,,,,
LEHXUT_clean,24.94881,9.11981,13.96328,0.407171,1936.47,4755.92,0,0,0.8288,2.03551,0,Cu,Yes,Cu,clean,Y,Y,Y,,N,,,,,,,,,,,
LELDUD_clean,16.5482,9.24625,16.5482,0.458126,1992.46,4349.15,0,0,0.829,1.80955,0,Cu,Yes,Cu,clean,Y,Y,Y,,N,,,,,,,,,,,
LENKIA_clean,11.49386,10.72802,11.47361,1.31034,1534.89,1171.37,0,0,0.6288,0.479875,0,Cu,Yes,Cu,clean,Y,Y,Y,,N,,,,,,,,,,,
LEQQII_clean,8.74289,7.28376,8.74289,0.770513,1869.68,2426.54,0,0,0.6812,0.884086,0,Cu,Yes,Cu,clean,Y,Y,Y,,N,,,,,,,,,,,
LETDEU_clean,8.60977,8.56919,8.60977,1.61724,1284.5,794.25,0,0,0.6168,0.38139,0,Cu,Yes,Cu,clean,Y,Y,Y,,N,,,,,,,,,,,
LETDUK_clean,7.09435,6.39708,7.09435,1.10433,2376.79,2152.25,0,0,0.6948,0.62916,0,Cu,Yes,Cu,clean,Y,Y,Y,,N,,,,,,,,,,,
LIKDOA_clean,18.48324,9.41931,18.48324,0.536397,1957.94,3650.16,0,0,0.8154,1.52014,0,Cu,Yes,Cu,clean,Y,Y,Y,,N,,,,,,,,,,,
LIKGUJ_clean,13.55589,7.04166,13.55589,1.03126,1881.99,1824.95,0,0,0.6824,0.661717,0,Cu,Yes,Cu,clean,Y,Y,Y,,N,,,,,,,,,,,
LUDLED_clean,13.17739,6.65728,13.17739,0.881906,2096.4,2377.12,0,0,0.7118,0.807115,0,Cu,Yes,Cu,clean,Y,Y,Y,,N,,,,,,,,,,,
LUDLIH_clean,13.23241,6.67449,13.22045,0.876399,2107.58,2404.81,0,0,0.7124,0.812871,0,Cu,Yes,Cu,clean,Y,Y,Y,,N,,,,,,,,,,,
LUSYEF_clean,11.6475,5.80016,11.64729,0.734641,2294.6,3123.44,0,0,0.7226,0.98361,0,Cu,Yes,Cu,clean,Y,Y,Y,,N,,,,,,,,,,,
LUYHAP_clean,12.05622,6.74493,12.05603,0.618537,2287.3,3697.93,0,0,0.7716,1.24746,0,Cu,Yes,Cu,clean,Y,Y,Y,,N,,,,,,,,,,,
MAFJIO_clean,10.24604,5.19927,9.76441,0.774705,2445.7,3156.94,0,0,0.7196,0.92887,0,Cu,Yes,Cu,clean,Y,Y,Y,,N,,,,,,,,,,,
MAHCEG_clean,18.51843,7.97271,18.51843,0.531149,2149.05,4046.05,0,0,0.8144,1.53328,0,"Cu,Zn",Yes,Cu,clean,Y,Y,Y,,N,,,,,,,,,,,
MALFUD_clean,7.43512,5.15007,7.43277,0.84804,2258.38,2663.06,0,0,0.6712,0.791472,0,Cu,Yes,Cu,clean,Y,Y,Y,,N,,,,,,,,,,,
MAQBIS_clean,11.35798,8.5918,11.35555,0.674777,2143.5,3176.61,0,0,0.7262,1.07621,0,Cu,Yes,Cu,clean,Y,Y,Y,,N,,,,,,,,,,,
MAQRAA_clean,6.97366,6.05295,6.96579,1.20561,1541.67,1278.75,0,0,0.5886,0.488218,0,Cu,Yes,Cu,clean,Y,Y,Y,,N,,,,,,,,,,,
MASMIC_clean,9.31006,7.53558,9.30278,0.580679,2625.75,4521.86,0,0,0.7606,1.30985,0,Cu,Yes,Cu,clean,Y,Y,Y,,N,,,,,,,,,,,
MAYKOO_clean,12.58218,11.50288,12.56968,0.603307,2027.92,3361.34,0,0,0.7608,1.26105,0,Cu,Yes,Cu,clean,Y,Y,Y,,N,,,,,,,,,,,
MEHMET_clean,21.82341,9.06966,13.94061,0.408796,1899.79,4647.28,0,0,0.8328,2.0372,0,Cu,Yes,Cu,clean,Y,Y,Y,,N,,,,,,,,,,,
MILROQ_clean,19.71713,10.83562,19.26567,0.59986,1609.68,2683.42,0,0,0.7756,1.29297,0,Cu,Yes,Cu,clean,Y,Y,Y,,N,,,,,,,,,,,
MIXBAY_clean,11.02015,7.37075,10.14135,0.640306,2311.05,3609.3,0,0,0.7544,1.17819,0,Cu,Yes,Cu,clean,Y,Y,Y,,N,,,,,,,,,,,
MIXBEC_clean,12.4058,6.44619,12.40529,0.643237,2322.53,3610.7,0,0,0.758,1.17841,0,Cu,Yes,Cu,clean,Y,Y,Y,,N,,,,,,,,,,,
MIXBIG_auto,10.49302,6.38821,9.82708,0.743714,2384.9,3206.74,0,0,0.733,0.985594,0,Cu,Yes,Cu,auto,Y,Y,Y,,N,,,,,,,,,,,
MOCKAR_clean,10.84435,6.73283,10.55041,0.748614,2330.25,3112.76,0,0,0.7394,0.987692,0,Cu,Yes,Cu,clean,Y,Y,Y,,N,,,,,,,,,,,
MOCKEV_clean,10.91306,6.61562,10.91306,0.767829,2301.91,2997.95,0,0,0.734,0.955943,0,Cu,Yes,Cu,clean,Y,Y,Y,,N,,,,,,,,,,,
MOFKUO_clean,10.06674,5.89372,10.02896,0.775285,1690.92,2181.03,0,0,0.666,0.859039,0,Cu,Yes,Cu,clean,Y,Y,Y,,N,,,,,,,,,,,
MOXNUJ_clean,7.33692,7.13556,7.33692,0.746109,2128.73,2853.11,0,0,0.7,0.9382,0,Cu,Yes,Cu,clean,Y,Y,Y,,N,,,,,,,,,,,
MOXPIZ_charged,10.81058,10.12401,10.80581,0.637276,1876.75,2944.96,0,0,0.7144,1.12102,0,Cu,Yes,Cu,charged,Y,Y,Y,,N,,,,,,,,,,,
MOYYEF_clean,7.68803,7.36383,7.68803,0.950247,1850.19,1947.06,0,0,0.627,0.659828,0,Cu,Yes,Cu,clean,Y,Y,Y,,N,,,,,,,,,,,
MOYYIJ_clean,12.42053,9.37645,12.42053,0.730593,2207,3020.84,0,0,0.7162,0.980299,0,Cu,Yes,Cu,clean,Y,Y,Y,,N,,,,,,,,,,,
MUDTEL_clean,19.09514,6.59272,18.85083,0.559282,2154.91,3853,0,0,0.789,1.41074,0,Cu,Yes,Cu,clean,Y,Y,Y,,N,,,,,,,,,,,
MUNDAC_clean,10.7777,6.68804,10.76442,1.37281,1712.63,1247.54,119.227,86.849,0.6828,0.497375,0,Cu,Yes,Cu,clean,Y,Y,Y,,N,,,,,,,,,,,
MUNDEG_clean,13.44844,12.65122,13.43461,0.869875,2175.3,2500.7,0,0,0.7658,0.880357,0,Cu,Yes,Cu,clean,Y,Y,Y,,N,,,,,,,,,,,
MUNDOQ_clean,14.169,13.34985,14.06749,0.845802,2182.1,2579.91,0,0,0.7752,0.916526,0,Cu,Yes,Cu,clean,Y,Y,Y,,N,,,,,,,,,,,
MURCIL_clean,8.29917,7.10888,8.29917,1.5444,1055.62,683.511,0,0,0.5688,0.368297,0,"Dy,Cu",Yes,Cu,clean,Y,Y,Y,,N,,,,,,,,,,,
MURCOR_clean,8.10583,6.88134,8.10583,1.58436,1015.28,640.812,0,0,0.5632,0.355475,0,"Ho,Cu",Yes,Cu,clean,Y,Y,Y,,N,,,,,,,,,,,
NAFSOF_clean,10.41333,8.31604,10.41316,0.437831,2285.29,5219.56,0,0,0.8158,1.86328,0,Cu,Yes,Cu,clean,Y,Y,Y,,N,,,,,,,,,,,
NAHNES_clean,12.52913,11.45257,12.52913,0.578749,2093.33,3616.99,0,0,0.7668,1.32493,0,Cu,Yes,Cu,clean,Y,Y,Y,,N,,,,,,,,,,,
NATKIF_clean,17.00981,12.93858,16.43746,0.345463,1901.41,5503.94,0,0,0.8556,2.47668,0,Cu,Yes,Cu,clean,Y,Y,Y,,N,,,,,,,,,,,
NATKOL_clean,7.96067,5.75072,7.91611,0.695846,2746.18,3946.53,0,0,0.699,1.00453,0,Cu,Yes,Cu,clean,Y,Y,Y,,N,,,,,,,,,,,
NAWDUN_clean,7.40097,5.49968,7.39892,0.842634,2070.76,2457.48,0,0,0.6368,0.755726,0,Cu,Yes,Cu,clean,Y,Y,Y,,N,,,,,,,,,,,
NAYGUR_clean,7.6924,7.0244,7.6924,0.745846,2238.41,3001.16,0,0,0.7254,0.972586,0,Cu,Yes,Cu,clean,Y,Y,Y,,N,,,,,,,,,,,
NAYZOE_clean,15.82314,6.52553,15.81665,0.498918,2302.42,4614.84,0,0,0.813,1.62953,0,Cu,Yes,Cu,clean,Y,Y,Y,,N,,,,,,,,,,,
ncomms7350-s2_clean,6.32642,5.9567,6.32642,1.52435,1274.9,836.355,0,0,0.531,0.348344,0,Cu,Yes,Cu,clean,Y,N,Y,,Y,COXDAW,Y,02/01/2015,10.1038/ncomms7350,"1 SI, 5 Structure",COXDAW,COXCOJ,COXCUP,COXDAW,COXDEA,COXDIE
NEDVUP_clean,7.10231,5.27516,7.10043,0.883179,2108.77,2387.7,0,0,0.6378,0.722164,0,"Cu,Mn",Yes,Cu,clean,Y,Y,Y,,N,,,,,,,,,,,
NETYIV_clean,8.05298,7.05859,8.05298,0.781018,1992.35,2550.96,0,0,0.686,0.878341,0,Cu,Yes,Cu,clean,Y,Y,Y,,N,,,,,,,,,,,
NETYIV01_clean,8.07265,7.09602,8.06746,0.782971,2020.36,2580.37,0,0,0.686,0.87615,0,Cu,Yes,Cu,clean,Y,Y,Y,,N,,,,,,,,,,,
NEVPOU_clean,6.31655,5.18077,6.31594,1.2374,1037.41,838.376,200.543,162.068,0.5652,0.456764,0,Cu,Yes,Cu,clean,Y,Y,Y,,N,,,,,,,,,,,
NEVPUA_charged,6.37646,5.20524,6.37646,1.60506,1041.49,648.879,0,0,0.4822,0.300425,0,"Cd,Cu",Yes,Cu,charged,Y,Y,Y,,N,,,,,,,,,,,
NEVQAH_charged,6.33826,5.17201,6.33534,1.7631,1025.51,581.65,0,0,0.477,0.270547,0,"Cu,Hg",Yes,Cu,charged,Y,Y,Y,,N,,,,,,,,,,,
NIBHOW_clean,27.51057,14.88459,27.48878,0.279595,1425.71,5099.19,0,0,0.8844,3.16315,0,Cu,Yes,Cu,clean,Y,Y,Y,,N,,,,,,,,,,,
NIBHUC_clean,18.86769,11.8721,18.86769,0.449382,1927.35,4288.89,0,0,0.8286,1.84387,0,Cu,Yes,Cu,clean,Y,Y,Y,,N,,,,,,,,,,,
NIBJAK_clean,32.00355,17.55175,32.00033,0.223433,1188.94,5321.22,0,0,0.9102,4.0737,0,Cu,Yes,Cu,clean,Y,Y,Y,,N,,,,,,,,,,,
NIGDEO_clean,13.9402,7.42068,13.92619,0.633535,2119.03,3344.77,0,0,0.7538,1.18983,0,Cu,Yes,Cu,clean,Y,Y,Y,,N,,,,,,,,,,,
NIGDIS_clean,14.03164,7.36423,14.03164,0.622681,2210.2,3549.5,0,0,0.7674,1.23241,0,Cu,Yes,Cu,clean,Y,Y,Y,,N,,,,,,,,,,,
NIJZIP_clean,9.04941,7.56212,9.04941,1.42787,1214.86,850.82,0,0,0.5802,0.406339,0,"Cu,Nd",Yes,Cu,clean,Y,Y,Y,,N,,,,,,,,,,,
NIJZIP01_clean,8.50827,7.36867,8.50827,1.45663,1110.96,762.692,3.7965,2.60636,0.5674,0.38953,0,"Cu,Nd",Yes,Cu,clean,Y,Y,Y,,N,,,,,,,,,,,
NIJZOV_clean,8.62609,7.08161,8.6236,1.5406,1133.11,735.501,0,0,0.5798,0.376347,0,"Cu,Er",Yes,Cu,clean,Y,Y,Y,,N,,,,,,,,,,,
NIMPEG_clean,5.8871,5.25211,5.8871,0.735505,2646.72,3598.51,0,0,0.6844,0.930517,0,Cu,Yes,Cu,clean,Y,Y,Y,,N,,,,,,,,,,,
NIMPEG01_clean,8.44,5.51406,8.10508,0.6075,2688.56,4425.61,0,0,0.7444,1.22535,0,Cu,Yes,Cu,clean,Y,Y,Y,,N,,,,,,,,,,,
NIMPOQ_clean,9.48433,7.47639,9.46555,0.558554,2612.29,4676.87,0,0,0.765,1.36961,0,Cu,Yes,Cu,clean,Y,Y,Y,,N,,,,,,,,,,,
NUBPIL_clean,11.57277,9.78079,11.57277,0.608967,2225.04,3653.8,0,0,0.7688,1.26247,0,Cu,Yes,Cu,clean,Y,Y,Y,,N,,,,,,,,,,,
NUTQAV_clean,10.89201,6.87272,10.20477,0.722737,2294.74,3175.06,0,0,0.7432,1.02831,0,Cu,Yes,Cu,clean,Y,Y,Y,,N,,,,,,,,,,,
OBUBOC_manual,8.45577,7.46863,8.45577,1.46042,1170.56,801.525,0.571901,0.391601,0.5536,0.37907,0,"Cu,Ce",Yes,Cu,manual,Y,Y,Y,,N,,,,,,,,,,,
OFOCUI_clean,11.39371,7.77962,11.39371,0.789274,2336.11,2959.83,0,0,0.7236,0.916792,0,Cu,Yes,Cu,clean,Y,Y,Y,,N,,,,,,,,,,,
OGEBAF01_clean,14.74547,10.54801,14.74547,0.504959,2054.21,4068.08,0,0,0.8166,1.61716,0,Cu,Yes,Cu,clean,Y,Y,Y,,N,,,,,,,,,,,
OGIKAR_clean,10.46212,5.43474,8.12198,0.950984,1724.97,1813.88,0,0,0.622,0.654059,0,Cu,Yes,Cu,clean,Y,Y,Y,,N,,,,,,,,,,,
OGURAK_charged,9.48905,5.22989,9.11458,0.968985,1939.23,2001.3,0,0,0.6678,0.689174,0,Cu,Yes,Cu,charged,Y,Y,Y,,N,,,,,,,,,,,
OKABAE_clean,14.07417,9.53484,14.07417,0.650845,2097.18,3222.24,0,0,0.77,1.18308,0,Cu,Yes,Cu,clean,Y,Y,Y,,N,,,,,,,,,,,
OKABEI_clean,13.86987,9.42284,13.86987,0.653017,2127.67,3258.22,0,0,0.7686,1.177,0,Cu,Yes,Cu,clean,Y,Y,Y,,N,,,,,,,,,,,
OKUSUK_clean,24.78598,13.19796,24.78598,0.313235,1548.59,4943.87,0,0,0.8766,2.79854,0,Cu,Yes,Cu,clean,Y,Y,Y,,N,,,,,,,,,,,
OKUTAR_clean,10.98199,6.35591,10.98199,0.660572,2299.33,3480.81,0,0,0.7416,1.12266,0,Cu,Yes,Cu,clean,Y,Y,Y,,N,,,,,,,,,,,
OKUTEV_clean,23.06458,12.98274,23.06458,0.330655,1597.33,4830.79,0,0,0.865,2.61602,0,Cu,Yes,Cu,clean,Y,Y,Y,,N,,,,,,,,,,,
OLOYOF_clean,10.67083,6.6024,10.66881,0.812728,2368.58,2914.35,0,0,0.7332,0.902146,0,Cu,Yes,Cu,clean,Y,Y,Y,,N,,,,,,,,,,,
OLUCAZ_clean,5.7945,5.1746,5.79081,1.16161,989.952,852.226,0,0,0.5026,0.432676,0,Cu,Yes,Cu,clean,Y,Y,Y,,N,,,,,,,,,,,
OMIMEE_clean,16.54568,6.7257,16.54568,0.768319,2276.49,2962.95,0,0,0.7618,0.991516,0,Cu,Yes,Cu,clean,Y,Y,Y,,N,,,,,,,,,,,
OMIPEH_clean,21.73136,7.72557,21.69935,0.65885,2065.52,3135.04,0,0,0.8104,1.23002,0,Cu,Yes,Cu,clean,Y,Y,Y,,N,,,,,,,,,,,
OMITUB_clean,21.96656,7.7864,21.95556,0.652675,2053.5,3146.28,0,0,0.8126,1.24503,0,Cu,Yes,Cu,clean,Y,Y,Y,,N,,,,,,,,,,,
ONIXOZ_clean,9.95246,9.1911,9.95246,0.909707,2025.76,2226.82,8.4669,9.30728,0.6802,0.747713,0,Cu,Yes,Cu,clean,Y,Y,Y,,N,,,,,,,,,,,
OPIXUI_clean,8.41938,5.49258,8.39031,1.03412,1914.8,1851.63,0,0,0.6428,0.621591,0,Cu,Yes,Cu,clean,Y,Y,Y,,N,,,,,,,,,,,
OQIZUL_clean,13.227,6.74608,13.21397,0.868865,2105.53,2423.31,0,0,0.7146,0.822452,0,Cu,Yes,Cu,clean,Y,Y,Y,,N,,,,,,,,,,,
OWIYUP_clean,8.24396,6.91953,8.2349,0.925347,1653.05,1786.41,0,0,0.6152,0.664832,0,Cu,Yes,Cu,clean,Y,Y,Y,,N,,,,,,,,,,,
OWIZAW_clean,14.23644,11.75665,14.23644,0.378656,1891.92,4996.41,0,0,0.8398,2.21785,0,Cu,Yes,Cu,clean,Y,Y,Y,,N,,,,,,,,,,,
OZULUS_clean,11.30509,10.53212,11.30463,1.32172,1536.26,1162.31,0,0,0.6386,0.483157,0,Cu,Yes,Cu,clean,Y,Y,Y,,N,,,,,,,,,,,
OZUMAZ_clean,11.32593,10.60044,11.32547,1.32216,1533.89,1160.14,0,0,0.6396,0.483754,0,Cu,Yes,Cu,clean,Y,Y,Y,,N,,,,,,,,,,,
OZUMAZ01_clean,11.42001,10.68224,11.42001,1.32181,1528.59,1156.43,0,0,0.6378,0.482518,0,Cu,Yes,Cu,clean,Y,Y,Y,,N,,,,,,,,,,,
OZUMIH_clean,11.34307,10.585,11.34288,1.32207,1537.23,1162.75,0,0,0.6412,0.484999,0,Cu,Yes,Cu,clean,Y,Y,Y,,N,,,,,,,,,,,
PALTON_clean,12.85281,10.88454,12.85281,0.723595,1862.94,2574.56,0,0,0.677,0.935606,0,Cu,Yes,Cu,clean,Y,Y,Y,,N,,,,,,,,,,,
PARNIH_clean,8.32489,6.77668,8.32489,0.861017,1951.67,2266.71,0,0,0.6712,0.779544,0,Cu,Yes,Cu,clean,Y,Y,Y,,N,,,,,,,,,,,
PARNON_clean,7.81335,6.23608,7.8124,0.973393,1971.82,2025.72,0,0,0.6118,0.628523,0,Cu,Yes,Cu,clean,Y,Y,Y,,N,,,,,,,,,,,
PEDMOB_clean,6.13543,5.59613,6.13543,1.47554,899.4,609.538,0,0,0.4724,0.320153,0,Cu,Yes,Cu,clean,Y,Y,Y,,N,,,,,,,,,,,
PELRIJ_clean,21.55746,10.38341,21.54289,0.51708,1832.88,3544.68,0,0,0.8016,1.55024,0,Cu,Yes,Cu,clean,Y,Y,Y,,N,,,,,,,,,,,
PEWGEF_clean,9.8037,7.11476,9.8037,1.04146,1816.14,1743.84,0,0,0.6896,0.662146,0,Cu,Yes,Cu,clean,Y,Y,Y,,N,,,,,,,,,,,
PEWLUA_clean,17.77125,7.51947,12.45937,0.588936,2255.4,3829.62,0,0,0.7974,1.35397,0,Cu,Yes,Cu,clean,Y,Y,Y,,N,,,,,,,,,,,
PODKOK_clean,18.51885,8.56409,12.59731,0.489414,2180.69,4455.72,0,0,0.8128,1.66076,0,Cu,Yes,Cu,clean,Y,Y,Y,,N,,,,,,,,,,,
PODKUQ_clean,22.31857,8.92625,14.18285,0.425765,2028.03,4763.26,0,0,0.8332,1.95695,0,Cu,Yes,Cu,clean,Y,Y,Y,,N,,,,,,,,,,,
PORVID_clean,7.37109,6.82741,7.37109,1.40599,1511.82,1075.27,0,0,0.5614,0.399292,0,Cu,Yes,Cu,clean,Y,Y,Y,,N,,,,,,,,,,,
PUJQEQ_clean,7.62791,6.18953,7.62791,0.66886,2115.6,3163,0,0,0.6814,1.01875,0,Cu,Yes,Cu,clean,Y,Y,Y,,N,,,,,,,,,,,
QAGDIO_clean,12.81046,10.08472,12.79582,0.728225,1959.77,2691.16,0,0,0.7164,0.983763,0,Cu,Yes,Cu,clean,Y,Y,Y,,N,,,,,,,,,,,
QAQMON_clean,13.97996,12.87565,13.97503,0.607595,2338.25,3848.36,0,0,0.7644,1.25807,0,Cu,Yes,Cu,clean,Y,Y,Y,,N,,,,,,,,,,,
QAQNOO_clean,9.00524,7.79992,9.00524,0.836247,1935.23,2314.19,0,0,0.674,0.805982,0,"Cu,Ni",Yes,Cu,clean,Y,Y,Y,,N,,,,,,,,,,,
QEPZUH_charged,10.55832,7.30371,10.53934,0.591685,2336.09,3948.21,0,0,0.7172,1.21213,0,Cu,Yes,Cu,charged,Y,Y,Y,,N,,,,,,,,,,,
QIWCOQ_clean,7.90536,6.37424,7.89587,0.88756,1705.8,1921.9,0,0,0.6366,0.717248,0,Cu,Yes,Cu,clean,Y,Y,Y,,N,,,,,,,,,,,
QIXSOG_clean,7.51562,5.04263,7.51562,0.608086,2919.24,4800.71,0,0,0.776,1.27614,0,"Cu,Mn",Yes,Cu,clean,Y,Y,Y,,N,,,,,,,,,,,
QIXSOG01_clean,7.54214,5.04155,7.54214,0.607311,2915.58,4800.8,0,0,0.7764,1.27842,0,"Cu,Mn",Yes,Cu,clean,Y,Y,Y,,N,,,,,,,,,,,
QIYDAF_clean,22.97967,8.76388,22.97967,0.403152,1832.34,4545.03,0,0,0.8334,2.06721,0,Cu,Yes,Cu,clean,Y,Y,Y,,N,,,,,,,,,,,
QIYDEJ_clean,22.48969,11.55679,22.48969,0.431427,1897.73,4398.73,0,0,0.814,1.88676,0,Cu,Yes,Cu,clean,Y,Y,Y,,N,,,,,,,,,,,
QIYDIN_clean,29.975,15.02249,29.83505,0.197643,1310.13,6628.79,0,0,0.9182,4.64576,0,Cu,Yes,Cu,clean,Y,Y,Y,,N,,,,,,,,,,,
QIYDIN01_clean,21.60142,10.45655,21.53105,0.395741,1819.65,4598.09,0,0,0.8328,2.10441,0,Cu,Yes,Cu,clean,Y,Y,Y,,N,,,,,,,,,,,
QIYDOT_clean,19.81856,17.06364,19.63981,0.211978,1346.05,6349.95,0,0,0.9118,4.30139,0,Cu,Yes,Cu,clean,Y,Y,Y,,N,,,,,,,,,,,
QIZLIW_clean,6.45845,5.65073,6.45505,1.52092,1546,1016.49,0,0,0.5696,0.374511,0,Cu,Yes,Cu,clean,Y,Y,Y,,N,,,,,,,,,,,
QOFLAA_clean,9.67197,6.44372,9.67197,0.77122,2332.16,3023.99,0,0,0.771,0.999714,0,Cu,Yes,Cu,clean,Y,Y,Y,,N,,,,,,,,,,,
QOMSAO_clean,6.28295,5.19194,6.16876,0.913349,2335.71,2557.31,0,0,0.6626,0.725462,0,Cu,Yes,Cu,clean,Y,Y,Y,,N,,,,,,,,,,,
QONKUB_clean,6.24349,5.12734,6.13649,0.9162,2335.91,2549.56,0,0,0.6696,0.730845,0,Cu,Yes,Cu,clean,Y,Y,Y,,N,,,,,,,,,,,
QOWQUO_manual,16.36508,5.22924,16.36508,0.720668,2111.4,2929.78,0,0,0.7092,0.984087,0,Cu,Yes,Cu,manual,Y,Y,Y,,N,,,,,,,,,,,
QOWRAV02_clean,16.40599,5.24588,16.39933,0.71711,2129.23,2969.18,0,0,0.7138,0.995384,0,Cu,Yes,Cu,clean,Y,Y,Y,,N,,,,,,,,,,,
QOWRAV03_clean,16.39933,5.24565,16.39933,0.71719,2129.19,2968.8,0,0,0.7134,0.994716,0,Cu,Yes,Cu,clean,Y,Y,Y,,N,,,,,,,,,,,
QOWRAV04_clean,16.39644,5.24663,16.39644,0.717349,2130.73,2970.28,0,0,0.7132,0.994216,0,Cu,Yes,Cu,clean,Y,Y,Y,,N,,,,,,,,,,,
QOWRAV05_clean,16.38928,5.24682,16.38928,0.717588,2130.87,2969.49,0,0,0.7132,0.993885,0,Cu,Yes,Cu,clean,Y,Y,Y,,N,,,,,,,,,,,
QOWRAV06_clean,16.3778,5.24265,16.37247,0.717908,2134.21,2972.83,0,0,0.7136,0.994,0,Cu,Yes,Cu,clean,Y,Y,Y,,N,,,,,,,,,,,
QOWRAV07_clean,16.36646,5.23896,16.35136,0.718227,2134.13,2971.38,0,0,0.7136,0.993558,0,Cu,Yes,Cu,clean,Y,Y,Y,,N,,,,,,,,,,,
QOWRAV08_clean,16.35712,5.2326,16.35248,0.718547,2136.57,2973.47,0,0,0.7128,0.992003,0,Cu,Yes,Cu,clean,Y,Y,Y,,N,,,,,,,,,,,
QOWRAV09_clean,16.34087,5.22933,16.33846,0.718946,2138.82,2974.94,0,0,0.7138,0.992842,0,Cu,Yes,Cu,clean,Y,Y,Y,,N,,,,,,,,,,,
QOWRAV10_clean,16.32287,5.22574,16.32052,0.719907,2137.74,2969.47,0,0,0.7132,0.990684,0,Cu,Yes,Cu,clean,Y,Y,Y,,N,,,,,,,,,,,
QOWRAV11_clean,16.31009,5.22559,16.30705,0.720949,2138.54,2966.28,0,0,0.7124,0.988141,0,Cu,Yes,Cu,clean,Y,Y,Y,,N,,,,,,,,,,,
QOWRAV12_clean,16.28739,5.21999,16.28739,0.722396,2138.93,2960.89,0,0,0.713,0.986993,0,Cu,Yes,Cu,clean,Y,Y,Y,,N,,,,,,,,,,,
QOZFUG_charged,7.42492,5.29699,7.42492,0.863696,1680.6,1945.82,0,0,0.6082,0.704183,0,Cu,Yes,Cu,charged,Y,Y,Y,,N,,,,,,,,,,,
RAGREY_charged,6.91275,6.07316,6.90845,0.727942,1843.94,2533.08,0,0,0.6678,0.917381,0,Cu,Yes,Cu,charged,Y,Y,Y,,N,,,,,,,,,,,
RAHNOF_clean,19.03849,6.57368,19.03849,0.594852,2177.49,3660.55,0,0,0.7766,1.30553,0,Cu,Yes,Cu,clean,Y,Y,Y,,N,,,,,,,,,,,
RASGAT_clean,7.32111,5.46808,7.222,1.5718,2726.03,1734.34,0,0,0.7354,0.467871,0,Cu,Yes,Cu,clean,Y,Y,Y,,N,,,,,,,,,,,
RAYFAA_clean,15.81778,9.45289,13.62877,0.959285,1554.88,1620.88,0,0,0.6988,0.728459,0,Cu,Yes,Cu,clean,Y,Y,Y,,N,,,,,,,,,,,
RAYFEE_clean,13.87561,10.03609,13.87561,0.965847,1665.9,1724.8,0,0,0.7062,0.731172,0,Cu,Yes,Cu,clean,Y,Y,Y,,N,,,,,,,,,,,
RAZGOQ_clean,5.22922,5.1443,5.20974,1.6171,770.443,476.435,163.357,101.019,0.5102,0.315503,0,Cu,Yes,Cu,clean,Y,Y,Y,,N,,,,,,,,,,,
REWNEO_clean,19.37323,6.76945,10.17378,0.57834,2196.18,3797.39,0,0,0.79,1.36598,0,Cu,Yes,Cu,clean,Y,Y,Y,,N,,,,,,,,,,,
REWNEO01_clean,18.51106,6.94262,11.7916,0.597667,2260.57,3782.32,0,0,0.7806,1.30608,0,Cu,Yes,Cu,clean,Y,Y,Y,,N,,,,,,,,,,,
REYMOZ_clean,13.17296,6.59717,13.17189,0.883255,2124.84,2405.69,0,0,0.7188,0.813808,0,Cu,Yes,Cu,clean,Y,Y,Y,,N,,,,,,,,,,,
RIBTAZ_clean,7.94342,5.01622,7.94342,0.877067,2617.13,2983.95,0,0,0.7178,0.818409,0,Cu,Yes,Cu,clean,Y,Y,Y,,N,,,,,,,,,,,
RICBEM_clean,11.37522,8.59238,11.37522,0.399184,2277.32,5704.93,0,0,0.821,2.0567,0,Cu,Yes,Cu,clean,Y,Y,Y,,N,,,,,,,,,,,
RIFGAQ_clean,13.18615,6.52783,13.17424,0.879718,2150.81,2444.89,0,0,0.7148,0.812533,0,Cu,Yes,Cu,clean,Y,Y,Y,,N,,,,,,,,,,,
RIWMUH_clean,10.50032,10.04767,10.50032,0.982459,1440.31,1466.03,0,0,0.6132,0.624148,0,Cu,Yes,Cu,clean,Y,Y,Y,,N,,,,,,,,,,,
RONCIG_clean,9.09448,7.62606,9.09448,1.45289,1203.19,828.136,0,0,0.5812,0.400029,0,"Cu,Gd",Yes,Cu,clean,Y,Y,Y,,N,,,,,,,,,,,
RUFZID_clean,10.67067,8.77989,10.67019,0.799166,1949.96,2439.99,0,0,0.71,0.888426,0,Cu,Yes,Cu,clean,Y,Y,Y,,N,,,,,,,,,,,
RUHFEH_clean,9.84183,8.46338,9.78525,0.895692,2177.87,2431.49,0,0,0.7858,0.87731,0,"Cu,La",Yes,Cu,clean,Y,Y,Y,,N,,,,,,,,,,,
RUHFIL_clean,10.02499,8.76011,10.02499,0.882826,2167.55,2455.24,0,0,0.7844,0.88851,0,"Cu,Ce",Yes,Cu,clean,Y,Y,Y,,N,,,,,,,,,,,
RUHFOR_clean,10.01133,8.72369,10.0082,0.889531,2175.51,2445.69,0,0,0.787,0.884736,0,"Pr,Cu",Yes,Cu,clean,Y,Y,Y,,N,,,,,,,,,,,
RUHFUX_clean,9.94292,8.65457,9.91903,0.903529,2165.07,2396.24,0,0,0.7826,0.86616,0,"Cu,Nd",Yes,Cu,clean,Y,Y,Y,,N,,,,,,,,,,,
RULQIY_clean,8.44935,6.89767,8.44935,1.57222,1115.58,709.56,0,0,0.577,0.366998,0,"Yb,Cu",Yes,Cu,clean,Y,Y,Y,,N,,,,,,,,,,,
RUVKAV_clean,11.95152,7.15447,11.95152,0.601684,2230,3706.27,0,0,0.7794,1.29537,0,Cu,Yes,Cu,clean,Y,Y,Y,,N,,,,,,,,,,,
science.1056698_manual,16.36523,5.22927,16.36523,0.720658,2117.08,2937.7,0,0,0.7092,0.9841,0,Cu,Yes,Cu,manual,Y,N,Y,,Y,QOWRAV,Y,08/12/2000,10.1126/science.1056598,"1 SI, 2 Structure",QOWRAV,QOWQUO,QOWRAV,,,
SEGBIR_clean,10.04679,9.57778,10.04679,1.2245,885.139,722.858,0,0,0.519,0.423847,0,Cu,Yes,Cu,clean,Y,Y,Y,,N,,,,,,,,,,,
SERLEI_clean,11.28347,6.23061,11.2833,0.73908,2383.12,3224.44,0,0,0.7306,0.988527,0,Cu,Yes,Cu,clean,N,Y,Y,,N,,,,,,,,,,,
SODQOT_clean,6.38354,5.71555,6.35379,1.16333,2168.31,1863.88,0,0,0.653,0.561321,0,Cu,Yes,Cu,clean,N,Y,Y,,N,,,,,,,,,,,
SONTUL_neutral_b,11.07564,6.55104,11.07564,0.882976,2163.69,2450.45,0,0,0.717,0.812027,0,Cu,Yes,Cu,neutral_b,N,Y,Y,,N,,,,,,,,,,,
SONVAT_neutral_b,13.18133,6.56576,13.18133,0.88151,2137.18,2424.45,0,0,0.7168,0.81315,0,Cu,Yes,Cu,neutral_b,N,Y,Y,,N,,,,,,,,,,,
SONVEX_neutral_b,13.20026,6.62162,13.20026,0.879921,2126.12,2416.26,0,0,0.7172,0.815073,0,Cu,Yes,Cu,neutral_b,N,Y,Y,,N,,,,,,,,,,,
SONVIB_neutral_b,13.19327,6.63983,13.19327,0.881013,2113.29,2398.7,0,0,0.7204,0.817695,0,Cu,Yes,Cu,neutral_b,N,Y,Y,,N,,,,,,,,,,,
SOVLEW_clean,16.78989,6.64048,16.78989,0.755158,2186.99,2896.07,0,0,0.742,0.982576,0,Cu,Yes,Cu,clean,Y,Y,Y,,N,,,,,,,,,,,
SOYWOT_neutral_b,13.17245,6.57882,13.17245,0.881994,2147.64,2434.99,0,0,0.7166,0.812478,0,Cu,Yes,Cu,neutral_b,N,Y,Y,,N,,,,,,,,,,,
SOYWUZ_clean,13.18202,6.56101,13.18202,0.874244,2168.24,2480.14,0,0,0.7172,0.820366,0,Cu,Yes,Cu,clean,N,Y,Y,,N,,,,,,,,,,,
SUJNUH_clean,7.55155,6.59808,7.55155,1.24948,986.433,789.474,0,0,0.5334,0.426897,0,Cu,Yes,Cu,clean,Y,Y,Y,,N,,,,,,,,,,,
SUKYIH_clean,9.64677,7.09331,9.64677,0.59954,2372.38,3957,0,0,0.7742,1.29132,0,Cu,Yes,Cu,clean,Y,Y,Y,,N,,,,,,,,,,,
SUKYON_clean,10.7978,7.28862,10.07334,0.52652,2852.06,5416.81,0.601169,1.14178,0.7786,1.47877,0,Cu,Yes,Cu,clean,Y,Y,Y,,N,,,,,,,,,,,
SUNLET_clean,14.87522,10.10535,14.86073,0.621573,1621.79,2609.18,0,0,0.734,1.18088,0,Cu,Yes,Cu,clean,Y,Y,Y,,N,,,,,,,,,,,
SUWQEI_clean,9.47366,7.57886,8.89706,0.818244,1562.75,1909.88,0,0,0.6376,0.779229,0,Cu,Yes,Cu,clean,N,Y,Y,,N,,,,,,,,,,,
TAHNEY_clean,10.9331,7.2387,10.84031,1.02563,2322.37,2264.33,0.0472135,0.0460334,0.7992,0.779225,0,"W,Cu",Yes,Cu,clean,N,Y,Y,,N,,,,,,,,,,,
TAKGOE_clean,10.5248,9.55919,10.5248,1.53175,1232.21,804.446,0,0,0.5862,0.3827,0,"Cu,La",Yes,Cu,clean,N,Y,Y,,N,,,,,,,,,,,
TAKGUK_clean,10.52986,9.57688,10.52986,1.52454,1236.56,811.103,0,0,0.5926,0.388707,0,"Cu,Ce",Yes,Cu,clean,N,Y,Y,,N,,,,,,,,,,,
TARWAK_clean,5.7222,5.11854,5.62643,1.61442,844.237,522.933,0,0,0.433,0.268207,0,Cu,Yes,Cu,clean,Y,Y,Y,,N,,,,,,,,,,,
TASYUJ_charged,12.08735,10.73897,12.08735,0.620401,1700.18,2740.45,93.6236,150.908,0.725,1.1686,0,Cu,Yes,Cu,charged,N,Y,Y,,N,,,,,,,,,,,
TASZEU_charged,12.15024,10.9248,12.15024,0.559582,2019.96,3609.76,0,0,0.7508,1.34172,0,"Cu,Fe",Yes,Cu,charged,N,Y,Y,,N,,,,,,,,,,,
TEMPEI_clean,15.71457,10.86579,15.71457,0.592467,1916.3,3234.44,0,0,0.745,1.25745,0,Cu,Yes,Cu,clean,Y,Y,Y,,N,,,,,,,,,,,
TOFTIT_clean,20.17115,6.28286,20.17115,0.598403,2258.24,3773.78,0,0,0.7822,1.30715,0,Cu,Yes,Cu,clean,Y,Y,Y,,N,,,,,,,,,,,
TOHSAL_clean,9.79069,6.17903,9.78331,0.576207,2737.54,4750.96,0,0,0.7668,1.33077,0,Cu,Yes,Cu,clean,Y,Y,Y,,N,,,,,,,,,,,
TOPKIT_clean,8.32819,5.0756,8.31268,0.957644,2418.19,2525.15,0,0,0.6634,0.692742,0,Cu,Yes,Cu,clean,N,Y,Y,,N,,,,,,,,,,,
UCOCUM_neutral,13.17014,6.56871,13.16847,0.882705,2115.68,2396.81,0,0,0.7142,0.809104,0,Cu,Yes,Cu,neutral,N,Y,Y,,N,,,,,,,,,,,
UCOXOZ_clean,6.74707,6.10487,6.74209,1.02439,1598.25,1560.2,14.8613,14.5075,0.5836,0.569706,0,Cu,Yes,Cu,clean,Y,Y,Y,,N,,,,,,,,,,,
UFEXEJ_clean,5.30731,5.14101,5.30608,2.3365,1189.34,509.026,0,0,0.4796,0.205264,0,"Dy,Cu",Yes,Cu,clean,Y,Y,Y,,N,,,,,,,,,,,
UFEXIN_clean,5.2808,5.11213,5.27438,2.36936,1181.21,498.534,0,0,0.4788,0.20208,0,"Ho,Cu",Yes,Cu,clean,Y,Y,Y,,N,,,,,,,,,,,
UFUQIV_clean,7.38156,5.81733,6.18024,0.675677,2389.77,3536.85,0,0,0.7014,1.03807,0,Cu,Yes,Cu,clean,Y,Y,Y,,N,,,,,,,,,,,
UJILAA_clean,19.23413,9.51535,19.23413,0.420332,1982.45,4716.4,0,0,0.8898,2.1169,0,Cu,Yes,Cu,clean,N,Y,Y,,N,,,,,,,,,,,
UJULIW_clean,7.01875,6.807,7.01875,2.47032,548.528,222.047,0,0,0.3284,0.132938,0,Cu,Yes,Cu,clean,N,Y,Y,,N,,,,,,,,,,,
UKAZEM_clean,10.77132,8.65206,10.76899,0.789293,2030.11,2572.07,0,0,0.7756,0.982652,0,"Cu,Mn",Yes,Cu,clean,N,Y,Y,,N,,,,,,,,,,,
UMOBEF_clean,12.498,6.04018,12.42609,0.48038,2503.44,5211.38,0,0,0.7972,1.65952,0,Cu,Yes,Cu,clean,N,Y,Y,,N,,,,,,,,,,,
UMOBEF01_clean,11.72616,5.98085,11.72563,0.505624,2624.2,5190.03,0,0,0.792,1.56638,0,Cu,Yes,Cu,clean,N,Y,Y,,N,,,,,,,,,,,
UMOBEF02_clean,11.74556,6.09657,11.74553,0.512375,2648.86,5169.77,0,0,0.7876,1.53716,0,Cu,Yes,Cu,clean,N,Y,Y,,N,,,,,,,,,,,
UMOBEF03_clean,11.19548,6.07261,11.19529,0.54262,2779.47,5122.32,0,0,0.775,1.42826,0,Cu,Yes,Cu,clean,N,Y,Y,,N,,,,,,,,,,,
UMOBEF04_clean,9.82687,5.92931,9.82687,0.641251,2696.95,4205.76,1.10178,1.71818,0.73,1.1384,0,Cu,Yes,Cu,clean,N,Y,Y,,N,,,,,,,,,,,
UMOBEF05_clean,9.81532,6.14212,9.81476,0.699468,2487.48,3556.24,0,0,0.705,1.00791,0,Cu,Yes,Cu,clean,N,Y,Y,,N,,,,,,,,,,,
UMOBEF06_clean,9.73892,6.12776,9.73892,0.704912,2451.84,3478.22,0,0,0.7064,1.00211,0,Cu,Yes,Cu,clean,N,Y,Y,,N,,,,,,,,,,,
UMOBEF07_clean,9.64899,6.11183,9.64836,0.717947,2412.56,3360.35,0,0,0.7028,0.978902,0,Cu,Yes,Cu,clean,N,Y,Y,,N,,,,,,,,,,,
UMOBEF08_clean,9.5277,6.07844,9.52714,0.722374,2381.06,3296.16,0,0,0.701,0.970411,0,Cu,Yes,Cu,clean,N,Y,Y,,N,,,,,,,,,,,
UMOBEF09_clean,9.30813,6.0393,8.12664,0.731985,2350.62,3211.3,0,0,0.696,0.95084,0,Cu,Yes,Cu,clean,N,Y,Y,,N,,,,,,,,,,,
UMODEH_clean,10.95537,5.36113,10.95537,0.533113,2747.45,5153.6,0,0,0.7742,1.45222,0,Cu,Yes,Cu,clean,N,Y,Y,,N,,,,,,,,,,,
UMODEH01_clean,11.30468,5.41503,11.30468,0.512269,2642.07,5157.57,0,0,0.7812,1.52498,0,Cu,Yes,Cu,clean,N,Y,Y,,N,,,,,,,,,,,
UMODEH02_clean,11.81211,5.47188,11.81161,0.501768,2601.38,5184.43,0,0,0.788,1.57045,0,Cu,Yes,Cu,clean,N,Y,Y,,N,,,,,,,,,,,
UMODEH03_clean,11.61852,5.42066,11.35102,0.51003,2634.97,5166.3,0,0,0.785,1.53913,0,Cu,Yes,Cu,clean,N,Y,Y,,N,,,,,,,,,,,
UMODEH04_clean,11.36787,5.34922,11.36787,0.533932,2752.39,5154.94,0,0,0.771,1.444,0,Cu,Yes,Cu,clean,N,Y,Y,,N,,,,,,,,,,,
UMODEH06_clean,11.16649,5.2519,11.16649,0.555198,2855.76,5143.68,0,0,0.7652,1.37825,0,Cu,Yes,Cu,clean,N,Y,Y,,N,,,,,,,,,,,
UMODEH07_clean,11.33302,5.24933,11.33302,0.558087,2863.98,5131.77,0,0,0.7612,1.36394,0,Cu,Yes,Cu,clean,N,Y,Y,,N,,,,,,,,,,,
UMODEH08_clean,7.50813,5.20054,6.29758,0.647965,2827.66,4363.91,0,0,0.7222,1.11457,0,Cu,Yes,Cu,clean,N,Y,Y,,N,,,,,,,,,,,
UMODEH09_clean,7.58377,5.1021,6.14779,0.720299,2563.17,3558.48,0,0,0.6962,0.966543,0,Cu,Yes,Cu,clean,N,Y,Y,,N,,,,,,,,,,,
UMODEH10_clean,8.26869,5.10695,6.12476,0.739009,2428.99,3286.83,0,0,0.6872,0.929894,0,Cu,Yes,Cu,clean,N,Y,Y,,N,,,,,,,,,,,
UMODEH11_clean,7.88398,5.10678,6.00855,0.750929,2393.61,3187.54,0,0,0.6846,0.911671,0,Cu,Yes,Cu,clean,N,Y,Y,,N,,,,,,,,,,,
UMODEH12_clean,7.73054,5.09547,6.08288,0.751192,2382.98,3172.27,0,0,0.6794,0.90443,0,Cu,Yes,Cu,clean,N,Y,Y,,N,,,,,,,,,,,
UMODEH13_clean,8.08,5.10727,6.08981,0.75692,2343.08,3095.55,0,0,0.6792,0.89732,0,Cu,Yes,Cu,clean,N,Y,Y,,N,,,,,,,,,,,
UMODEH14_clean,11.13019,5.34376,11.13003,0.540267,2804.02,5190.06,0,0,0.7704,1.42596,0,Cu,Yes,Cu,clean,N,Y,Y,,N,,,,,,,,,,,
UMODEH15_clean,11.39121,5.37416,11.39121,0.528259,2720.83,5150.56,0,0,0.7764,1.46973,0,Cu,Yes,Cu,clean,N,Y,Y,,N,,,,,,,,,,,
UMODEH16_clean,13.02556,5.98917,13.02556,0.473838,2451.04,5172.75,0,0,0.8008,1.69003,0,Cu,Yes,Cu,clean,N,Y,Y,,N,,,,,,,,,,,
UMODEH17_clean,11.09362,5.25928,11.09362,0.56801,2915.72,5133.22,0,0,0.7592,1.3366,0,Cu,Yes,Cu,clean,N,Y,Y,,N,,,,,,,,,,,
UMODEH18_clean,12.07339,5.35338,12.07339,0.527677,2756.54,5223.93,0,0,0.7746,1.46794,0,Cu,Yes,Cu,clean,N,Y,Y,,N,,,,,,,,,,,
UMODEH19_clean,9.53314,6.14559,9.53308,0.644874,2729.74,4232.98,0,0,0.7296,1.13138,0,Cu,Yes,Cu,clean,N,Y,Y,,N,,,,,,,,,,,
UMODEH20_clean,9.81757,5.20485,6.37863,0.582326,2920.59,5015.39,0,0,0.7482,1.28485,0,Cu,Yes,Cu,clean,N,Y,Y,,N,,,,,,,,,,,
UMODEH21_clean,9.91334,5.23079,9.91334,0.575954,2919.56,5069.08,0,0,0.75,1.30219,0,Cu,Yes,Cu,clean,N,Y,Y,,N,,,,,,,,,,,
UMODEH22_clean,10.42971,5.27481,10.42971,0.557764,2866.15,5138.64,0,0,0.7608,1.36402,0,Cu,Yes,Cu,clean,N,Y,Y,,N,,,,,,,,,,,
UMODEH23_clean,11.15907,5.34276,11.15907,0.535598,2770.05,5171.89,0,0,0.7696,1.4369,0,Cu,Yes,Cu,clean,N,Y,Y,,N,,,,,,,,,,,
UMODEH24_clean,11.42851,5.36939,11.42851,0.532371,2746.88,5159.71,0,0,0.7732,1.45237,0,Cu,Yes,Cu,clean,N,Y,Y,,N,,,,,,,,,,,
UMODEH25_clean,9.75422,5.20239,6.39739,0.581306,2933.81,5046.92,0,0,0.7442,1.28022,0,Cu,Yes,Cu,clean,N,Y,Y,,N,,,,,,,,,,,
UMOVEZ_clean,11.7936,5.96806,11.76218,0.502437,2621.26,5217.08,0,0,0.7922,1.57671,0,Cu,Yes,Cu,clean,N,Y,Y,,N,,,,,,,,,,,
UMOVEZ01_clean,10.36799,5.68179,9.99869,0.557538,2889.19,5182.06,0,0,0.7634,1.36923,0,Cu,Yes,Cu,clean,N,Y,Y,,N,,,,,,,,,,,
UMOVEZ02_clean,10.40783,5.7016,10.40783,0.554264,2884.62,5204.42,0,0,0.768,1.38562,0,Cu,Yes,Cu,clean,N,Y,Y,,N,,,,,,,,,,,
UMOVEZ03_clean,10.92239,5.82104,10.1736,0.537309,2802.84,5216.45,0,0,0.7724,1.43754,0,Cu,Yes,Cu,clean,N,Y,Y,,N,,,,,,,,,,,
UMOVEZ04_clean,11.43321,6.00494,11.43286,0.521066,2715.35,5211.14,0,0,0.7844,1.50538,0,Cu,Yes,Cu,clean,N,Y,Y,,N,,,,,,,,,,,
UMOVEZ05_clean,10.32083,5.66439,10.32083,0.556946,2888.61,5186.51,0,0,0.7674,1.37787,0,Cu,Yes,Cu,clean,N,Y,Y,,N,,,,,,,,,,,
UMOVID_clean,12.08323,6.02223,11.77524,0.495095,2551.4,5153.36,0,0,0.7958,1.60737,0,Cu,Yes,Cu,clean,N,Y,Y,,N,,,,,,,,,,,
UMOVOJ_clean,12.44931,6.04966,11.64464,0.481059,2488.51,5172.97,0,0,0.8008,1.66466,0,Cu,Yes,Cu,clean,N,Y,Y,,N,,,,,,,,,,,
UMOYOM03_clean,9.53653,5.34452,9.53653,0.572297,2816.69,4921.73,0,0,0.7558,1.32064,0,Cu,Yes,Cu,clean,N,Y,Y,,N,,,,,,,,,,,
UMOYOM05_clean,8.7274,5.24016,8.7274,0.61176,2969.67,4854.31,0,0,0.7308,1.19459,0,Cu,Yes,Cu,clean,N,Y,Y,,N,,,,,,,,,,,
UMOYOM06_clean,9.27242,5.3599,9.27242,0.544667,2828.76,5193.56,0,0,0.7628,1.40049,0,Cu,Yes,Cu,clean,N,Y,Y,,N,,,,,,,,,,,
UMOYOM07_clean,9.75529,5.37054,9.54348,0.541661,2791.87,5154.28,0,0,0.7712,1.42377,0,Cu,Yes,Cu,clean,N,Y,Y,,N,,,,,,,,,,,
UMOYOM08_clean,9.66223,5.42293,9.66221,0.547658,2688.94,4909.89,0,0,0.7644,1.39576,0,Cu,Yes,Cu,clean,N,Y,Y,,N,,,,,,,,,,,
UMOYOM10_clean,9.29709,5.30741,9.29709,0.582563,2853.3,4897.84,0,0,0.748,1.28398,0,Cu,Yes,Cu,clean,N,Y,Y,,N,,,,,,,,,,,
UMOYOM11_clean,8.68074,5.21106,8.68074,0.619321,2929.2,4729.69,0,0,0.724,1.16902,0,Cu,Yes,Cu,clean,N,Y,Y,,N,,,,,,,,,,,
UMOYOM13_clean,8.08915,5.1527,6.21939,0.677127,2892.06,4271.07,0,0,0.7078,1.0453,0,Cu,Yes,Cu,clean,N,Y,Y,,N,,,,,,,,,,,
UMOYOM16_clean,7.63035,5.01799,6.05656,0.779987,2424.82,3108.79,0,0,0.664,0.851297,0,Cu,Yes,Cu,clean,N,Y,Y,,N,,,,,,,,,,,
UMOZUT_clean,10.2026,5.23269,10.2026,0.576016,2921.2,5071.38,0,0,0.7524,1.30621,0,Cu,Yes,Cu,clean,N,Y,Y,,N,,,,,,,,,,,
UMUBAH_clean,10.24236,5.23581,10.24236,0.576725,2914.77,5054,0,0,0.7536,1.30669,0,Cu,Yes,Cu,clean,N,Y,Y,,N,,,,,,,,,,,
UMUBEL_clean,10.43104,5.29557,10.43104,0.565681,2914.18,5151.62,0,0,0.7596,1.34281,0,Cu,Yes,Cu,clean,N,Y,Y,,N,,,,,,,,,,,
UMUBIP_clean,11.2434,5.32116,11.2434,0.544527,2831.33,5199.61,0,0,0.7672,1.40893,0,Cu,Yes,Cu,clean,N,Y,Y,,N,,,,,,,,,,,
UMUBOV_clean,10.36323,5.21129,10.36305,0.581505,2938.31,5052.94,0,0,0.7516,1.29251,0,Cu,Yes,Cu,clean,N,Y,Y,,N,,,,,,,,,,,
UMUXEG_clean,9.49806,8.4757,9.49806,2.20878,1092.16,494.464,0,0,0.5272,0.238684,0,Cu,Yes,Cu,clean,N,Y,Y,,N,,,,,,,,,,,
URUWEL_clean,9.27008,8.60913,9.21935,1.12073,1091.29,973.727,41.1176,36.688,0.5796,0.517161,0,Cu,Yes,Cu,clean,N,Y,Y,,N,,,,,,,,,,,
URUWIP_clean,8.03408,7.13721,8.03408,1.22198,1033.12,845.441,0,0,0.5468,0.447469,0,Cu,Yes,Cu,clean,N,Y,Y,,N,,,,,,,,,,,
USEVOF_clean,9.78266,6.59544,9.77545,1.19807,1982.01,1654.33,0,0,0.6746,0.563072,0,Cu,Yes,Cu,clean,N,Y,Y,,N,,,,,,,,,,,
UTACOJ_clean,10.00482,8.08324,10.00482,1.1027,1897.31,1720.61,0,0,0.673,0.610321,0,"Cu,Ba",Yes,Cu,clean,N,Y,Y,,N,,,,,,,,,,,
UVEVUN_clean,13.08634,6.53433,13.08634,0.765991,2243.91,2929.42,0,0,0.7048,0.920115,0,Cu,Yes,Cu,clean,Y,Y,Y,,N,,,,,,,,,,,
UVIPIZ_clean,13.16154,6.50431,13.16154,0.868575,2146.52,2471.31,0,0,0.7192,0.828023,0,Cu,Yes,Cu,clean,N,Y,Y,,N,,,,,,,,,,,
UVIPOF_clean,13.17946,6.58449,13.17946,0.87003,2145.41,2465.9,0,0,0.7218,0.829627,0,Cu,Yes,Cu,clean,N,Y,Y,,N,,,,,,,,,,,
UWALEL_clean,8.57419,8.06777,8.57419,0.978062,1809.81,1850.4,0,0,0.611,0.624705,0,Cu,Yes,Cu,clean,N,Y,Y,,N,,,,,,,,,,,
UXISUR_clean,13.20708,6.69761,13.19407,0.878357,2102.35,2393.51,0,0,0.7182,0.817663,0,Cu,Yes,Cu,clean,N,Y,Y,,N,,,,,,,,,,,
UXUNUX_clean,7.36512,5.79316,6.13107,0.678518,2356.29,3472.7,0,0,0.6988,1.02989,0,Cu,Yes,Cu,clean,Y,Y,Y,,N,,,,,,,,,,,
UXUPEJ_clean,7.33818,5.78241,6.14442,0.675641,2374.29,3514.13,0,0,0.7026,1.0399,0,Cu,Yes,Cu,clean,Y,Y,Y,,N,,,,,,,,,,,
UXUPIN_clean,7.3374,5.72246,6.07377,0.669934,2447.15,3652.82,0,0,0.7066,1.05473,0,Cu,Yes,Cu,clean,Y,Y,Y,,N,,,,,,,,,,,
VEHPUU_clean,6.28215,5.72913,6.26507,1.2974,1101.09,848.689,0,0,0.5058,0.389856,0,Cu,Yes,Cu,clean,Y,Y,Y,,N,,,,,,,,,,,
VEMMOQ_clean,8.8382,8.57859,8.83401,0.859762,1844.22,2145.04,0,0,0.7008,0.815109,0,Cu,Yes,Cu,clean,N,Y,Y,,N,,,,,,,,,,,
VETMIS_clean,17.23979,11.94779,17.22882,0.311959,1757.5,5633.74,0,0,0.8662,2.77664,0,Cu,Yes,Cu,clean,Y,Y,Y,,N,,,,,,,,,,,
VIMRAM_clean,9.39066,7.30655,9.39066,1.12702,1893.97,1680.51,0,0,0.6384,0.56645,0,Cu,Yes,Cu,clean,N,Y,Y,,N,,,,,,,,,,,
VIXPUP01_clean,10.93877,6.90793,10.8516,0.690693,2354.05,3408.24,0,0,0.7722,1.11801,0,Cu,Yes,Cu,clean,Y,Y,Y,,N,,,,,,,,,,,
VOFFED_clean,6.3407,5.90199,6.31652,1.20352,848.809,705.272,0,0,0.4862,0.403982,0,Cu,Yes,Cu,clean,N,Y,Y,,N,,,,,,,,,,,
VOGPEO_clean,11.06118,7.00733,10.18392,0.767126,2192.56,2858.15,0,0,0.7242,0.944043,0,Cu,Yes,Cu,clean,N,Y,Y,,N,,,,,,,,,,,
VUNNEZ_clean,5.49362,5.42758,5.49362,1.41847,1291.95,910.806,0,0,0.5748,0.405224,0,Cu,Yes,Cu,clean,N,Y,Y,,N,,,,,,,,,,,
VURYOX_clean,6.57096,5.95893,6.55565,1.3407,1084.43,808.849,0,0,0.5052,0.376817,0,Cu,Yes,Cu,clean,Y,Y,Y,,N,,,,,,,,,,,
WAHKUO_clean,16.20891,7.16155,16.20891,0.580972,2068.66,3560.7,0,0,0.759,1.30643,0,"Cu,Ti",Yes,Cu,clean,N,Y,Y,,N,,,,,,,,,,,
WAHNEB_clean,15.95836,6.79866,15.95836,0.49512,2275.95,4596.76,0,0,0.781,1.57739,0,Cu,Yes,Cu,clean,N,Y,Y,,N,,,,,,,,,,,
WAHNIF_clean,16.02728,6.94786,16.02728,0.608079,2054.1,3378.01,0,0,0.7564,1.24392,0,"Cu,Zr",Yes,Cu,clean,N,Y,Y,,N,,,,,,,,,,,
WAHNOL_clean,16.15521,7.17077,16.15521,0.498613,2156.59,4325.17,0,0,0.7774,1.55913,0,Cu,Yes,Cu,clean,N,Y,Y,,N,,,,,,,,,,,
WAMREJ_clean,15.93828,10.49353,15.93828,0.575196,2135.23,3712.18,0,0,0.7842,1.36336,0,Cu,Yes,Cu,clean,Y,Y,Y,,N,,,,,,,,,,,
WANHIF_clean,11.32631,6.15412,11.32631,0.742906,2435.38,3278.19,0,0,0.7266,0.978051,0,Cu,Yes,Cu,clean,N,Y,Y,,N,,,,,,,,,,,
WAQKUX_clean,11.77413,6.99458,11.77413,0.695804,2361.16,3393.43,0,0,0.7362,1.05806,0,Cu,Yes,Cu,clean,N,Y,Y,,N,,,,,,,,,,,
WEGKIE_clean,11.12087,6.65331,11.08978,1.1494,1264.36,1100.02,490.634,426.862,0.6338,0.551419,0,Cu,Yes,Cu,clean,N,Y,Y,,N,,,,,,,,,,,
WEVQIX_clean,8.30134,7.08669,8.30134,1.3689,1061.52,775.455,0,0,0.5704,0.416684,0,"Cu,Y",Yes,Cu,clean,Y,Y,Y,,N,,,,,,,,,,,
WEVQOD_clean,8.33119,7.13692,8.33119,1.51454,1062.97,701.84,0.0665577,0.0439457,0.5726,0.378068,0,"Cu,Gd",Yes,Cu,clean,Y,Y,Y,,N,,,,,,,,,,,
WEVQOD01_clean,8.03523,6.79991,8.03523,1.55221,1025.68,660.788,0,0,0.5644,0.363612,0,"Cu,Gd",Yes,Cu,clean,N,Y,Y,,N,,,,,,,,,,,
WEVQUJ_clean,8.44067,7.27418,8.44067,1.48575,1083.43,729.214,0.77233,0.519826,0.5778,0.388896,0,"Cu,Eu",Yes,Cu,clean,Y,Y,Y,,N,,,,,,,,,,,
WEVRUK_clean,8.57681,7.4662,8.57681,1.43976,1130.1,784.921,4.16739,2.8945,0.5708,0.396454,0,"Pr,Cu",Yes,Cu,clean,Y,Y,Y,,N,,,,,,,,,,,
WOLRIZ_clean,11.03643,6.52149,11.03643,0.928573,2127.88,2291.56,0,0,0.7184,0.77366,0,Cu,Yes,Cu,clean,Y,Y,Y,,N,,,,,,,,,,,
WORREC_clean,7.54466,5.76979,7.52984,0.764767,2839.31,3712.64,0,0,0.7218,0.943817,0,Cu,Yes,Cu,clean,Y,Y,Y,,N,,,,,,,,,,,
WOYJIF_clean,12.3325,5.92345,11.43456,0.799114,2266.72,2836.54,0,0,0.716,0.895992,0,Cu,Yes,Cu,clean,N,Y,Y,,N,,,,,,,,,,,
WOYJOL_clean,12.52097,5.76234,12.52097,0.820913,2240.31,2729.05,0,0,0.7178,0.874392,0,Cu,Yes,Cu,clean,N,Y,Y,,N,,,,,,,,,,,
WUKXEH_clean,20.08743,6.60038,20.08743,0.594513,2262.76,3806.08,0,0,0.7896,1.32814,0,Cu,Yes,Cu,clean,N,Y,Y,,N,,,,,,,,,,,
WULJUJ_clean,13.2515,6.69559,13.2515,0.880841,2071.01,2351.17,0,0,0.7102,0.806275,0,Cu,Yes,Cu,clean,N,Y,Y,,N,,,,,,,,,,,
WULKAQ_clean,13.2528,6.68289,13.24082,0.879538,2081.51,2366.6,0,0,0.7114,0.808834,0,Cu,Yes,Cu,clean,N,Y,Y,,N,,,,,,,,,,,
WUSSEK_clean,8.48774,6.12459,8.47169,0.953346,1562.83,1639.31,0,0,0.592,0.62097,0,Cu,Yes,Cu,clean,N,Y,Y,,N,,,,,,,,,,,
WUZQOZ_clean,6.97207,5.82661,6.96816,0.933596,1700.54,1821.49,0,0,0.6474,0.693448,0,Cu,Yes,Cu,clean,N,Y,Y,,N,,,,,,,,,,,
XACZEH_clean,10.60893,7.2431,10.60893,1.18823,994.3,836.792,67.7434,57.0121,0.5998,0.504785,0,Cu,Yes,Cu,clean,Y,Y,Y,,N,,,,,,,,,,,
XADCEM_clean,8.43446,8.11603,8.43446,1.03711,1659.86,1600.46,0,0,0.6244,0.602057,0,Cu,Yes,Cu,clean,N,Y,Y,,N,,,,,,,,,,,
XADDEN_manual,13.23644,6.65907,13.23644,0.875752,2128.62,2430.62,0,0,0.7182,0.820095,0,Cu,Yes,Cu,manual,N,Y,Y,,N,,,,,,,,,,,
XADDIR_manual,13.24642,6.64739,13.24642,0.87412,2116.36,2421.13,0,0,0.718,0.821397,0,Cu,Yes,Cu,manual,N,Y,Y,,N,,,,,,,,,,,
XAFFOB_clean,14.83912,13.174,14.83912,0.366991,1878.61,5118.95,0,0,0.845,2.30251,0,Cu,Yes,Cu,clean,Y,Y,Y,,N,,,,,,,,,,,
XAFFUH_clean,23.72832,19.63801,23.72795,0.329166,1685.62,5120.87,0,0,0.8726,2.65094,0,Cu,Yes,Cu,clean,Y,Y,Y,,N,,,,,,,,,,,
XAHPAZ_clean,8.5954,7.40656,8.5954,0.71813,2299,3201.36,0,0,0.725,1.00957,0,Cu,Yes,Cu,clean,Y,Y,Y,,N,,,,,,,,,,,
XAHPED_clean,12.36916,10.86748,12.33885,0.374438,1946.72,5199.04,0,0,0.8398,2.24283,0,Cu,Yes,Cu,clean,Y,Y,Y,,N,,,,,,,,,,,
XAHPIH_clean,14.31673,13.37952,14.23422,0.356183,1691.25,4748.26,0,0,0.8698,2.442,0,Cu,Yes,Cu,clean,Y,Y,Y,,N,,,,,,,,,,,
XAHPON_clean,17.29514,15.33221,17.29514,0.284265,1476.32,5193.45,0,0,0.8856,3.1154,0,Cu,Yes,Cu,clean,Y,Y,Y,,N,,,,,,,,,,,
XAHPUT_clean,21.82812,20.58591,21.82812,0.178675,1104.09,6179.32,0,0,0.9154,5.12326,0,Cu,Yes,Cu,clean,Y,Y,Y,,N,,,,,,,,,,,
XAHQAA_clean,23.03533,21.60719,23.02579,0.170429,1040.62,6105.88,0,0,0.9292,5.45213,0,Cu,Yes,Cu,clean,Y,Y,Y,,N,,,,,,,,,,,
XALXUF_clean,16.29659,6.6292,16.03149,0.78852,1944.95,2466.59,0,0,0.7412,0.939989,0,Cu,Yes,Cu,clean,Y,Y,Y,,N,,,,,,,,,,,
XALXUF01_clean,16.53276,6.69779,16.53276,0.78335,1957.27,2498.59,0,0,0.7286,0.930107,0,Cu,Yes,Cu,clean,Y,Y,Y,,N,,,,,,,,,,,
XAMDUM_clean,13.20706,6.72961,13.20706,0.879722,2074.04,2357.61,0,0,0.7196,0.817985,0,Cu,Yes,Cu,clean,Y,Y,Y,,N,,,,,,,,,,,
XAMDUM01_clean,13.18662,6.72456,13.18662,0.882605,2071.54,2347.07,0,0,0.7186,0.81418,0,Cu,Yes,Cu,clean,Y,Y,Y,,N,,,,,,,,,,,
XAMDUM02_clean,13.17767,6.71826,13.17767,0.884458,2085.56,2358,0,0,0.7192,0.813153,0,Cu,Yes,Cu,clean,Y,Y,Y,,N,,,,,,,,,,,
XAMDUM03_clean,13.16192,6.69067,13.16192,0.887821,2084.01,2347.33,0,0,0.7178,0.808496,0,Cu,Yes,Cu,clean,Y,Y,Y,,N,,,,,,,,,,,
XAMDUM04_clean,12.94074,6.40333,12.94074,0.919994,2127.62,2312.64,0,0,0.711,0.772831,0,Cu,Yes,Cu,clean,Y,Y,Y,,N,,,,,,,,,,,
XAMDUM05_clean,13.11018,6.61787,13.11018,0.895381,2105.3,2351.29,0,0,0.717,0.800776,0,Cu,Yes,Cu,clean,Y,Y,Y,,N,,,,,,,,,,,
XAMDUM06_clean,13.1663,6.64621,13.1663,0.88326,2088.66,2364.72,0,0,0.7192,0.814256,0,Cu,Yes,Cu,clean,Y,Y,Y,,N,,,,,,,,,,,
XARPAK_clean,5.96341,5.54999,5.95022,1.02109,1555.57,1523.45,0,0,0.5744,0.562538,0,Cu,Yes,Cu,clean,N,Y,Y,,N,,,,,,,,,,,
XAVKIR_clean,15.62831,12.51365,15.62831,0.534545,1877.9,3513.08,0,0,0.7824,1.46367,0,Cu,Yes,Cu,clean,N,Y,Y,,N,,,,,,,,,,,
XAWVUN_clean,10.78711,9.22291,10.78432,0.464213,2191.63,4721.18,0,0,0.8104,1.74575,0,Cu,Yes,Cu,clean,Y,Y,Y,,N,,,,,,,,,,,
XEBHOC_clean,12.08201,9.91355,12.06465,0.465059,2182.46,4692.86,0,0,0.813,1.74817,0,Cu,Yes,Cu,clean,Y,Y,Y,,N,,,,,,,,,,,
XIDSUZ_clean,16.05314,15.78983,16.05314,0.493271,1893.57,3838.8,0,0,0.781,1.58331,0,Cu,Yes,Cu,clean,N,Y,Y,,N,,,,,,,,,,,
XITYOP_clean,11.26084,5.01855,11.26084,0.828925,2008.18,2422.64,0,0,0.6806,0.821064,0,Cu,Yes,Cu,clean,Y,Y,Y,,N,,,,,,,,,,,
XONLES01_clean,15.55222,13.97126,15.55222,0.303181,1639.83,5408.75,0,0,0.871,2.87288,0,Cu,Yes,Cu,clean,N,Y,Y,,N,,,,,,,,,,,
XOPLOE_clean,7.50726,5.3332,7.50699,0.991241,2013.82,2031.62,0,0,0.621,0.626488,0,Cu,Yes,Cu,clean,Y,Y,Y,,N,,,,,,,,,,,
XOVPUU_clean,11.45503,9.77333,11.45503,0.404958,2012.2,4968.9,0,0,0.8444,2.08515,0,Cu,Yes,Cu,clean,N,Y,Y,,N,,,,,,,,,,,
XOVQAB_clean,9.04253,7.30249,9.03111,0.610216,2352.44,3855.09,0,0,0.7448,1.22055,0,Cu,Yes,Cu,clean,N,Y,Y,,N,,,,,,,,,,,
XUDNUH_clean,12.36127,6.84234,12.36127,0.492653,2292.38,4653.12,0,0,0.8076,1.63929,0,Cu,Yes,Cu,clean,N,Y,Y,,N,,,,,,,,,,,
XUDPIX_clean,11.39057,6.9563,11.17218,0.55889,2521.72,4512,0,0,0.7746,1.38596,0,Cu,Yes,Cu,clean,N,Y,Y,,N,,,,,,,,,,,
XUGROI_clean,6.64754,5.07389,6.16433,0.794522,2382.26,2998.35,0,0,0.6836,0.860391,0,Cu,Yes,Cu,clean,N,Y,Y,,N,,,,,,,,,,,
XUMMOJ_clean,8.37622,7.86065,8.37622,1.08186,1183.03,1093.52,0,0,0.5464,0.505057,0,Cu,Yes,Cu,clean,N,Y,Y,,N,,,,,,,,,,,
XUMMUP_clean,8.4295,7.42103,8.42696,1.01197,1167.11,1153.31,0,0,0.545,0.538555,0,Cu,Yes,Cu,clean,N,Y,Y,,N,,,,,,,,,,,
XUWFUR_clean,8.57387,5.22151,8.55217,0.997477,1382.53,1386.02,0,0,0.5736,0.575051,0,Cu,Yes,Cu,clean,N,Y,Y,,N,,,,,,,,,,,
YAPLUY_clean,7.79113,6.77532,7.7776,0.987389,1670.12,1691.45,5.68352,5.75611,0.6296,0.637641,0,Cu,Yes,Cu,clean,Y,Y,Y,,N,,,,,,,,,,,
YAVWUQ_clean,15.48597,6.62234,15.4779,0.747785,2189.36,2927.8,0,0,0.7402,0.989857,0,Cu,Yes,Cu,clean,N,Y,Y,,N,,,,,,,,,,,
YEKXOD_clean,7.62702,5.92083,7.58526,0.977291,1976.53,2022.46,0,0,0.6138,0.628063,0,Cu,Yes,Cu,clean,Y,Y,Y,,N,,,,,,,,,,,
YEKXUJ_clean,7.55002,6.86281,7.5454,0.941882,1957.97,2078.79,0,0,0.639,0.678429,0,Cu,Yes,Cu,clean,N,Y,Y,,N,,,,,,,,,,,
YIPDOR_clean,10.31977,7.54281,10.31977,0.44826,2440.58,5444.55,0,0,0.7974,1.77888,0,Cu,Yes,Cu,clean,N,Y,Y,,N,,,,,,,,,,,
YOCLEJ_clean,13.16813,6.65727,13.16813,0.881908,2114.87,2398.07,0,0,0.7196,0.815958,0,Cu,Yes,Cu,clean,Y,Y,Y,,N,,,,,,,,,,,
YOCLIN_clean,13.22354,6.67449,13.22354,0.8764,2113.41,2411.46,0,0,0.7206,0.822227,0,Cu,Yes,Cu,clean,Y,Y,Y,,N,,,,,,,,,,,
YOLGUB_clean,7.59854,5.9029,7.59287,0.74526,2992.97,4016,0,0,0.791,1.06137,0,Cu,Yes,Cu,clean,N,Y,Y,,N,,,,,,,,,,,
YOZNAE_clean,13.27907,6.70029,13.26706,0.882932,2074.79,2349.88,0,0,0.7122,0.80663,0,Cu,Yes,Cu,clean,N,Y,Y,,N,,,,,,,,,,,
YUGLES_clean,10.89993,6.77637,10.89993,0.718001,2324.4,3237.32,0,0,0.7434,1.03537,0,Cu,Yes,Cu,clean,Y,Y,Y,,N,,,,,,,,,,,
YUMYUC_clean,6.81125,6.65142,6.81125,1.26369,1689.58,1337.02,0,0,0.6178,0.488886,0,Cu,Yes,Cu,clean,N,Y,Y,,N,,,,,,,,,,,
YUSWEP_manual,37.3405,13.00592,37.31547,0.403891,1712.88,4240.94,0,0,0.8324,2.06095,0,Cu,Yes,Cu,manual,Y,Y,Y,,N,,,,,,,,,,,
ZACHIX_clean,13.14331,6.50331,13.13039,0.890304,2133.37,2396.22,0,0,0.7114,0.799053,0,Cu,Yes,Cu,clean,N,Y,Y,,N,,,,,,,,,,,
ZAHLEC_clean,10.74057,8.40432,8.92854,0.504189,2700.75,5356.61,0,0,0.8076,1.60178,0,Cu,Yes,Cu,clean,N,Y,Y,,N,,,,,,,,,,,
ZAZBUZ_clean,6.78822,5.70042,6.78792,1.17074,1452.69,1240.82,0,0,0.588,0.502245,0,Cu,Yes,Cu,clean,Y,Y,Y,,N,,,,,,,,,,,
ZECKID_clean,10.33934,8.28295,10.32915,0.62663,2205.37,3519.42,0,0,0.7756,1.23773,0,Cu,Yes,Cu,clean,Y,Y,Y,,N,,,,,,,,,,,
ZECKOJ_clean,10.01013,7.75871,10.01013,0.671545,2228.83,3318.96,0,0,0.7738,1.15227,0,Cu,Yes,Cu,clean,Y,Y,Y,,N,,,,,,,,,,,
ZIDBEV_clean,9.63216,5.48309,9.63216,0.807059,2178.07,2698.78,0,0,0.7352,0.910962,0,Cu,Yes,Cu,clean,N,Y,Y,,N,,,,,,,,,,,
ZIKJIO_clean,7.07783,5.58584,7.07783,0.782965,2562.61,3272.96,0,0,0.6992,0.893015,0,Cu,Yes,Cu,clean,Y,Y,Y,,N,,,,,,,,,,,
ZILFOR_manual,9.30653,7.96955,8.40209,0.639421,2480.2,3878.82,0,0,0.7576,1.18482,0,Cu,Yes,Cu,manual,Y,Y,Y,,N,,,,,,,,,,,
ZIMTAS_clean,15.44798,6.02893,15.44798,0.579498,2082.03,3592.82,0,0,0.7752,1.33771,0,"Cu,Si",Yes,Cu,clean,Y,Y,Y,,N,,,,,,,,,,,
ZIQJEQ_clean,9.10665,6.72913,9.10665,0.629598,2298.43,3650.63,0,0,0.736,1.169,0,Cu,Yes,Cu,clean,N,Y,Y,,N,,,,,,,,,,,
VOVQEE_clean,6.4704,5.01157,6.4704,1.74606,2352.07,1347.07,0,0,0.6902,0.39529,0,"Cu,Ag",Yes,"Cu,Ag",clean,N,Y,Y,DISORDER,N,,,,,,,,,,,
FIXVUE_clean,10.80219,6.73703,10.80219,1.60539,1740.78,1084.34,0,0,0.6236,0.388442,0,"Cu,Ag,Au",Yes,"Cu,Ag,Au",clean,Y,Y,Y,,N,,,,,,,,,,,
DUJRAD_clean,6.16228,5.32315,6.13437,1.37535,1593.73,1158.79,0,0,0.5806,0.422148,0,"Cu,Ba",Yes,"Cu,Ba",clean,Y,Y,Y,,N,,,,,,,,,,,
SOKXIB_clean,11.6126,7.16546,11.6126,0.857146,1980.64,2310.74,0,0,0.706,0.823663,0,"Cu,Co",Yes,"Cu,Co",clean,N,Y,Y,DISORDER,N,,,,,,,,,,,
SOKXOH_clean,22.96741,14.74434,21.68942,0.423627,1862.02,4395.43,0,0,0.8094,1.91064,0,"Cu,Co",Yes,"Cu,Co",clean,Y,Y,Y,DISORDER,N,,,,,,,,,,,
UKIQOV_clean,13.66711,9.63813,13.66009,0.628902,2104.6,3346.47,0,0,0.7776,1.23644,0,"Cu,Co",Yes,"Cu,Co",clean,Y,Y,Y,,N,,,,,,,,,,,
ACUJOZ_manual,11.50806,7.82539,10.51641,0.694288,2343.63,3375.59,0,0,0.739,1.0644,0,"Cu,Cr",Yes,"Cu,Cr",manual,Y,Y,Y,,N,,,,,,,,,,,
IGAHAB_clean,8.07676,5.90613,8.07676,1.09695,1250.92,1140.36,257.39,234.642,0.6018,0.548613,0,"Cu,Cr",Yes,"Cu,Cr",clean,Y,Y,Y,,N,,,,,,,,,,,
OYERER_clean,14.32515,11.45272,14.00664,0.462369,2190.15,4736.81,0,0,0.8394,1.81543,0,"Cu,Cr",Yes,"Cu,Cr",clean,Y,Y,Y,,N,,,,,,,,,,,
acs.cgd.5b01554_VAGNUP1452791_clean,6.16218,5.1323,5.87594,1.47047,1873.32,1273.96,0,0,0.572,0.388992,0,"Cu,Cs,Si",Yes,"Cu,Cs",clean,Y,N,Y,DISORDER,N,,Y,10/02/2016,10.1021/acs.cgd.5b01554,"1 SI, 1 Structure",VAGNUP,,,,,
QOSJEP_clean,5.95986,5.08733,5.90424,1.45523,1476.39,1014.54,0,0,0.5466,0.37561,0,"Cu,Er",Yes,"Cu,Er",clean,Y,Y,Y,,N,,,,,,,,,,,
LUYBOY_clean,7.89316,7.4198,7.87816,1.34135,1580.28,1178.13,0,0,0.5778,0.43076,0,"Cu,Eu",Yes,"Cu,Eu",clean,Y,Y,Y,,N,,,,,,,,,,,
TAKHAR_clean,10.31674,9.51664,10.31674,1.55109,1234.33,795.781,0,0,0.5892,0.379861,0,"Cu,Eu",Yes,"Cu,Eu",clean,N,Y,Y,,N,,,,,,,,,,,
UKIQUB_clean,13.62192,8.69235,13.61731,0.709108,2139.96,3017.82,0,0,0.7494,1.05682,0,"Cu,Fe",Yes,"Cu,Fe",clean,N,Y,Y,DISORDER,N,,,,,,,,,,,
VAGBUD_clean,10.23495,9.48231,10.23335,1.57268,1211.54,770.363,0,0,0.5868,0.37312,0,"Cu,Gd",Yes,"Cu,Gd",clean,N,Y,Y,,N,,,,,,,,,,,
POMMAH_clean,14.83525,11.96507,14.83525,1.26278,1468.55,1162.95,199.616,158.076,0.7018,0.555756,0.00015838,"In,Cu",Yes,"Cu,In",clean,Y,Y,Y,,N,,,,,,,,,,,
DUZKEQ_clean,20.34484,16.57615,20.32874,0.744987,1552.98,2084.58,0.0389169,0.0522383,0.7072,0.949278,0,"Cu,Mn,K",Yes,"Cu,K",clean,Y,Y,Y,DISORDER,N,,,,,,,,,,,
LOJFOF_clean,5.76837,5.02994,5.76476,1.16037,1095.67,944.242,0,0,0.472,0.406768,0,"Cu,K",Yes,"Cu,K",clean,Y,Y,Y,,N,,,,,,,,,,,
OLAQOI_clean,9.42311,9.23332,9.42311,1.32858,853.13,642.139,2.75819,2.07605,0.5142,0.387031,0,"Cu,K,Co",Yes,"Cu,K,Co",clean,Y,Y,Y,,N,,,,,,,,,,,
PEQFAT_clean,12.28103,8.80657,12.27438,1.02563,1866.98,1820.32,0,0,0.7048,0.687184,0,"Cu,La",Yes,"Cu,La",clean,Y,Y,Y,DISORDER,N,,,,,,,,,,,
DUZKAM_clean,21.49045,20.91759,21.49045,0.763691,1446.12,1893.59,0,0,0.7166,0.938337,0,"Cu,Mn,Li",Yes,"Cu,Li",clean,Y,Y,Y,DISORDER,N,,,,,,,,,,,
HUMWIX_clean,14.98566,9.18322,14.98566,0.727734,1500.13,2061.37,168.676,231.782,0.6626,0.910497,0,"Cu,Mn",Yes,"Cu,Mn",clean,Y,Y,Y,,N,,,,,,,,,,,
MIVFEE_clean,15.2363,7.95854,15.22375,1.38989,1237.47,890.338,457.865,329.426,0.6876,0.494716,0,"Cu,Mn",Yes,"Cu,Mn",clean,Y,Y,Y,,N,,,,,,,,,,,
IJEXUS_clean,21.63198,16.25392,21.63198,0.800283,1414.75,1767.81,0,0,0.7074,0.883938,0,"Cu,Na,Mn",Yes,"Cu,Na",clean,Y,Y,Y,DISORDER,N,,,,,,,,,,,
DAPXID_ion_b,14.13138,12.09179,14.13138,0.764894,1790.29,2340.57,0.0191816,0.0250774,0.7044,0.920911,0,"Cu,Na,Mn",Yes,"Cu,Na",ion_b,Y,Y,Y,,N,,,,,,,,,,,
YENLUA_ion_b,21.49217,18.9061,21.49217,0.794834,1364.82,1717.11,0.605784,0.762152,0.7146,0.899055,0,"Cu,Na,Mn",Yes,"Cu,Na",ion_b,N,Y,Y,,N,,,,,,,,,,,
VAMYUG_clean,10.04314,6.94027,10.02007,0.640476,2529.62,3949.59,0,0,0.7656,1.19536,0,"Cu,Ni",Yes,"Cu,Ni",clean,N,Y,Y,DISORDER,N,,,,,,,,,,,
HAZWIP_clean,6.08536,5.42004,6.08536,0.76282,3171.25,4157.27,0,0,0.7336,0.961695,0,"Cu,Ni",Yes,"Cu,Ni",clean,Y,Y,Y,,N,,,,,,,,,,,
KIYTOD_clean,14.38752,6.75209,13.57035,0.794229,1901.95,2394.72,0,0,0.7144,0.899489,0,"Cu,Ni",Yes,"Cu,Ni",clean,Y,Y,Y,,N,,,,,,,,,,,
VAMYIU_clean,10.49994,6.88469,10.48462,0.742898,2541.83,3421.51,0,0,0.7662,1.03137,0,"Cu,Pd",Yes,"Cu,Pd",clean,N,Y,Y,DISORDER,N,,,,,,,,,,,
TAKHEV_clean,10.20812,9.46941,10.20812,1.57295,1231.54,782.951,0,0,0.5872,0.373312,0,"Cu,Tb",Yes,"Cu,Tb",clean,N,Y,Y,,N,,,,,,,,,,,
EKADIF_clean,7.65126,6.54995,7.64495,1.18404,1687.65,1425.33,3.75836,3.17418,0.6332,0.534779,0,"Cu,Zn",Yes,"Cu,Zn",clean,Y,Y,Y,DISORDER,N,,,,,,,,,,,
COJGEO_clean,6.41217,5.04769,5.92617,0.978354,2161.34,2209.16,0,0,0.6438,0.658044,0,"Cu,Zn",Yes,"Cu,Zn",clean,Y,Y,Y,,N,,,,,,,,,,,
REWLEM_clean_h,12.46985,5.92009,12.2403,0.703058,2170.85,3087.73,0,0,0.7184,1.02182,0,"Cu,Zn",Yes,"Cu,Zn",clean_h,N,Y,Y,,N,,,,,,,,,,,
UBUROY_clean,6.6651,5.3887,6.6651,1.08106,2567.3,2374.8,0,0,0.7436,0.687844,0,"Cu,Zn",Yes,"Cu,Zn",clean,Y,Y,Y,,N,,,,,,,,,,,
